Report_Date_as_YYYY-MM-DD,CFTC_Contract_Market_Code,M_Money_Positions_Long_All,M_Money_Positions_Short_All,Net_Position
2016-01-05,001602,48148,145914,-97766
2016-01-12,001602,59125,132400,-73275
2016-01-19,001602,54774,125994,-71220
2016-01-26,001602,60462,111739,-51277
2016-02-02,001602,67378,116651,-49273
2016-02-09,001602,62022,145575,-83553
2016-02-16,001602,62523,149910,-87387
2016-02-23,001602,58886,159277,-100391
2016-03-01,001602,55992,169303,-113311
2016-03-08,001602,59665,153950,-94285
2016-03-15,001602,63083,128409,-65326
2016-03-22,001602,57881,139944,-82063
2016-03-29,001602,61537,133472,-71935
2016-04-05,001602,61771,132165,-70394
2016-04-12,001602,51280,167237,-115957
2016-04-19,001602,56701,146359,-89658
2016-04-26,001602,61911,127721,-65810
2016-05-03,001602,58706,130212,-71506
2016-05-10,001602,53828,143642,-89814
2016-05-17,001602,54939,134073,-79134
2016-05-24,001602,44402,144093,-99691
2016-05-31,001602,44694,147147,-102453
2016-06-07,001602,60165,118531,-58366
2016-06-14,001602,63746,118876,-55130
2016-06-21,001602,55248,132709,-77461
2016-06-28,001602,53761,138735,-84974
2016-07-05,001602,53145,159377,-106232
2016-07-12,001602,55818,174158,-118340
2016-07-19,001602,57629,179077,-121448
2016-07-26,001602,59057,190199,-131142
2016-08-02,001602,61650,192121,-130471
2016-08-09,001602,62348,182660,-120312
2016-08-16,001602,63985,170941,-106956
2016-08-23,001602,68900,174833,-105933
2016-08-30,001602,68659,191997,-123338
2016-09-06,001602,71296,208747,-137451
2016-09-13,001602,71020,200663,-129643
2016-09-20,001602,72280,202842,-130562
2016-09-27,001602,72755,207328,-134573
2016-10-04,001602,70329,225525,-155196
2016-10-11,001602,71202,208445,-137243
2016-10-18,001602,85235,186100,-100865
2016-10-25,001602,78010,202431,-124421
2016-11-01,001602,80479,189057,-108578
2016-11-08,001602,80327,191253,-110926
2016-11-15,001602,69457,201324,-131867
2016-11-22,001602,79131,190239,-111108
2016-11-29,001602,77729,199658,-121929
2016-12-06,001602,75214,199312,-124098
2016-12-13,001602,85011,187079,-102068
2016-12-20,001602,79123,192657,-113534
2016-12-27,001602,77028,196693,-119665
2017-01-03,001602,82186,196805,-114619
2017-01-10,001602,83253,179836,-96583
2017-01-17,001602,83357,180602,-97245
2017-01-24,001602,81604,181976,-100372
2017-01-31,001602,75687,183413,-107726
2017-02-07,001602,82132,173950,-91818
2017-02-14,001602,93892,142014,-48122
2017-02-21,001602,95305,132856,-37551
2017-02-28,001602,84975,144208,-59233
2017-03-07,001602,83486,149007,-65521
2017-03-14,001602,75558,185650,-110092
2017-03-21,001602,75377,208543,-133166
2017-03-28,001602,73161,218039,-144878
2017-04-04,001602,72374,219495,-147121
2017-04-11,001602,75973,216808,-140835
2017-04-18,001602,73369,227714,-154345
2017-04-25,001602,73533,244802,-171269
2017-05-02,001602,78848,202062,-123214
2017-05-09,001602,83693,197512,-113819
2017-05-16,001602,84377,215072,-130695
2017-05-23,001602,88387,209088,-120701
2017-05-30,001602,88316,209921,-121605
2017-06-06,001602,90540,202953,-112413
2017-06-13,001602,93001,178707,-85706
2017-06-20,001602,113999,125788,-11789
2017-06-27,001602,101325,111762,-10437
2017-07-03,001602,119415,95418,23997
2017-07-11,001602,130320,76349,53971
2017-07-18,001602,121682,74925,46757
2017-07-25,001602,106107,73056,33051
2017-08-01,001602,101906,87167,14739
2017-08-08,001602,95932,107986,-12054
2017-08-15,001602,89180,125517,-36337
2017-08-22,001602,85507,154297,-68790
2017-08-29,001602,90077,160203,-70126
2017-09-05,001602,93002,172687,-79685
2017-09-12,001602,92865,169569,-76704
2017-09-19,001602,97221,171162,-73941
2017-09-26,001602,101095,156809,-55714
2017-10-03,001602,104022,153306,-49284
2017-10-10,001602,99793,167220,-67427
2017-10-17,001602,94296,173111,-78815
2017-10-24,001602,95183,178731,-83548
2017-10-31,001602,86565,202132,-115567
2017-11-07,001602,84421,212542,-128121
2017-11-14,001602,89295,202559,-113264
2017-11-21,001602,90116,209162,-119046
2017-11-28,001602,90972,217438,-126466
2017-12-05,001602,90722,213101,-122379
2017-12-12,001602,81764,247176,-165412
2017-12-19,001602,83667,247765,-164098
2017-12-26,001602,81533,233593,-152060
2018-01-02,001602,83747,219270,-135523
2018-01-09,001602,86427,221943,-135516
2018-01-16,001602,83567,232536,-148969
2018-01-23,001602,80414,230191,-149777
2018-01-30,001602,89527,181059,-91532
2018-02-06,001602,91062,169318,-78256
2018-02-13,001602,92337,139310,-46973
2018-02-20,001602,90928,151085,-60157
2018-02-27,001602,85174,139734,-54560
2018-03-06,001602,89335,110935,-21600
2018-03-13,001602,82729,110095,-27366
2018-03-20,001602,66581,122873,-56292
2018-03-27,001602,65297,143404,-78107
2018-04-03,001602,68340,140303,-71963
2018-04-10,001602,76231,121092,-44861
2018-04-17,001602,75573,122533,-46960
2018-04-24,001602,75779,126286,-50507
2018-05-01,001602,94494,113434,-18940
2018-05-08,001602,105653,93068,12585
2018-05-15,001602,99806,101375,-1569
2018-05-22,001602,101131,92312,8819
2018-05-29,001602,111739,85913,25826
2018-06-05,001602,105207,82149,23058
2018-06-12,001602,108373,83238,25135
2018-06-19,001602,92839,97700,-4861
2018-06-26,001602,90338,102406,-12068
2018-07-03,001602,89756,91007,-1251
2018-07-10,001602,87306,88572,-1266
2018-07-17,001602,88328,87762,566
2018-07-24,001602,97498,74895,22603
2018-07-31,001602,114525,63248,51277
2018-08-07,001602,128323,61972,66351
2018-08-14,001602,130761,65535,65226
2018-08-21,001602,124516,67069,57447
2018-08-28,001602,107818,61720,46098
2018-09-04,001602,102036,66039,35997
2018-09-11,001602,91549,79974,11575
2018-09-18,001602,84887,93138,-8251
2018-09-25,001602,89837,89610,227
2018-10-02,001602,85923,97631,-11708
2018-10-09,001602,81759,99857,-18098
2018-10-16,001602,83934,100186,-16252
2018-10-23,001602,78305,108328,-30023
2018-10-30,001602,77026,124954,-47928
2018-11-06,001602,79302,121267,-41965
2018-11-13,001602,79385,107910,-28525
2018-11-20,001602,79070,118712,-39642
2018-11-27,001602,81196,119940,-38744
2018-12-04,001602,86488,113513,-27025
2018-12-11,001602,88293,110748,-22455
2018-12-18,001602,99248,102860,-3612
2018-12-24,001602,91602,109927,-18325
2018-12-31,001602,86852,121154,-34302
2019-01-08,001602,94762,111639,-16877
2019-01-15,001602,95619,111327,-15708
2019-01-22,001602,100089,108630,-8541
2019-01-29,001602,92227,114667,-22440
2019-02-05,001602,98294,104849,-6555
2019-02-12,001602,92502,106822,-14320
2019-02-19,001602,86823,134334,-47511
2019-02-26,001602,85670,145875,-60205
2019-03-05,001602,87270,161189,-73919
2019-03-12,001602,86365,162143,-75778
2019-03-19,001602,85258,163957,-78699
2019-03-26,001602,82872,147422,-64550
2019-04-02,001602,80786,138669,-57883
2019-04-09,001602,79026,135984,-56958
2019-04-16,001602,78690,148660,-69970
2019-04-23,001602,81665,158380,-76715
2019-04-30,001602,76268,165371,-89103
2019-05-07,001602,79157,166088,-86931
2019-05-14,001602,80449,162286,-81837
2019-05-21,001602,86098,126257,-40159
2019-05-28,001602,85887,109093,-23206
2019-06-04,001602,81054,93134,-12080
2019-06-11,001602,87280,82006,5274
2019-06-18,001602,95128,69574,25554
2019-06-25,001602,92717,62685,30032
2019-07-02,001602,94344,59871,34473
2019-07-09,001602,90130,62547,27583
2019-07-16,001602,80977,65890,15087
2019-07-23,001602,74318,67715,6603
2019-07-30,001602,80081,65232,14849
2019-08-06,001602,77040,69919,7121
2019-08-13,001602,75298,71298,4000
2019-08-20,001602,71652,75900,-4248
2019-08-27,001602,77602,76799,803
2019-09-03,001602,69985,89355,-19370
2019-09-10,001602,79924,88829,-8905
2019-09-17,001602,80041,87134,-7093
2019-09-24,001602,73203,88621,-15418
2019-10-01,001602,72057,88071,-16014
2019-10-08,001602,75725,89171,-13446
2019-10-15,001602,76361,80023,-3662
2019-10-22,001602,85511,63882,21629
2019-10-29,001602,72383,64614,7769
2019-11-05,001602,71060,68727,2333
2019-11-12,001602,75754,72034,3720
2019-11-19,001602,76332,76510,-178
2019-11-26,001602,78142,69783,8359
2019-12-03,001602,87830,69822,18008
2019-12-10,001602,86941,77784,9157
2019-12-17,001602,99238,74595,24643
2019-12-24,001602,97334,80945,16389
2019-12-31,001602,100973,78914,22059
2020-01-07,001602,107911,85650,22261
2020-01-14,001602,116693,89836,26857
2020-01-21,001602,130054,90768,39286
2020-01-28,001602,135140,93323,41817
2020-02-04,001602,134161,88554,45607
2020-02-11,001602,132438,92956,39482
2020-02-18,001602,142705,83443,59262
2020-02-25,001602,127159,83840,43319
2020-03-03,001602,92685,75589,17096
2020-03-10,001602,93781,75585,18196
2020-03-17,001602,63259,67057,-3798
2020-03-24,001602,62852,42709,20143
2020-03-31,001602,76823,40067,36756
2020-04-07,001602,75369,48099,27270
2020-04-14,001602,77118,51332,25786
2020-04-21,001602,80371,56185,24186
2020-04-28,001602,79340,62238,17102
2020-05-05,001602,73469,67174,6295
2020-05-12,001602,71562,65347,6215
2020-05-19,001602,68697,80087,-11390
2020-05-26,001602,71658,80133,-8475
2020-06-02,001602,72419,82231,-9812
2020-06-09,001602,66494,88622,-22128
2020-06-16,001602,62987,89650,-26663
2020-06-23,001602,58874,104050,-45176
2020-06-30,001602,61360,98971,-37611
2020-07-07,001602,63980,96350,-32370
2020-07-14,001602,73104,79621,-6517
2020-07-21,001602,80686,78058,2628
2020-07-28,001602,81506,80681,825
2020-08-04,001602,84286,85262,-976
2020-08-11,001602,74125,92826,-18701
2020-08-18,001602,73835,88984,-15149
2020-08-25,001602,76046,74715,1331
2020-09-01,001602,93998,61847,32151
2020-09-08,001602,87849,65780,22069
2020-09-15,001602,82786,68836,13950
2020-09-22,001602,85682,72448,13234
2020-09-29,001602,80406,70187,10219
2020-10-06,001602,93809,65712,28097
2020-10-13,001602,98682,58461,40221
2020-10-20,001602,111529,59681,51848
2020-10-27,001602,114307,67917,46390
2020-11-03,001602,109912,62705,47207
2020-11-10,001602,102180,70667,31513
2020-11-17,001602,87750,74271,13479
2020-11-24,001602,87978,75180,12798
2020-12-01,001602,77783,87516,-9733
2020-12-08,001602,76928,88949,-12021
2020-12-15,001602,77780,75351,2429
2020-12-21,001602,77759,75285,2474
2020-12-29,001602,83531,73916,9615
2021-01-05,001602,92893,71167,21726
2021-01-12,001602,89761,78382,11379
2021-01-19,001602,93944,80272,13672
2021-01-26,001602,91435,77035,14400
2021-02-02,001602,88918,75478,13440
2021-02-09,001602,85639,72399,13240
2021-02-16,001602,88801,73412,15389
2021-02-23,001602,91831,71370,20461
2021-03-02,001602,95760,70400,25360
2021-03-09,001602,88915,66639,22276
2021-03-16,001602,85049,72878,12171
2021-03-23,001602,83963,81245,2718
2021-03-30,001602,77415,96520,-19105
2021-04-06,001602,80255,92263,-12008
2021-04-13,001602,80585,99748,-19163
2021-04-20,001602,86931,90628,-3697
2021-04-27,001602,94221,87011,7210
2021-05-04,001602,91134,87153,3981
2021-05-11,001602,90298,84214,6084
2021-05-18,001602,89896,82716,7180
2021-05-25,001602,79595,82129,-2534
2021-06-01,001602,73827,78604,-4777
2021-06-08,001602,67970,77245,-9275
2021-06-15,001602,66979,83186,-16207
2021-06-22,001602,69190,74191,-5001
2021-06-29,001602,67999,69438,-1439
2021-07-06,001602,64456,80819,-16363
2021-07-13,001602,63119,89384,-26265
2021-07-20,001602,68461,74020,-5559
2021-07-27,001602,69252,69073,179
2021-08-03,001602,79402,66958,12444
2021-08-10,001602,82966,66061,16905
2021-08-17,001602,95262,73169,22093
2021-08-24,001602,89010,80713,8297
2021-08-31,001602,80085,72134,7951
2021-09-07,001602,76691,74399,2292
2021-09-14,001602,64027,74158,-10131
2021-09-21,001602,59619,69447,-9828
2021-09-28,001602,59975,72875,-12900
2021-10-05,001602,73904,69323,4581
2021-10-12,001602,69853,79833,-9980
2021-10-19,001602,67993,87491,-19498
2021-10-26,001602,72458,84029,-11571
2021-11-02,001602,79464,74852,4612
2021-11-09,001602,80922,79196,1726
2021-11-16,001602,90776,74529,16247
2021-11-23,001602,96113,75993,20120
2021-11-30,001602,84000,79118,4882
2021-12-07,001602,77467,78621,-1154
2021-12-14,001602,71889,81406,-9517
2021-12-21,001602,67006,79736,-12730
2021-12-28,001602,67061,81235,-14174
2022-01-04,001602,64097,86804,-22707
2022-01-11,001602,58578,89780,-31202
2022-01-18,001602,62602,90987,-28385
2022-01-25,001602,70505,85695,-15190
2022-02-01,001602,63857,92987,-29130
2022-02-08,001602,62508,94477,-31969
2022-02-15,001602,63432,100038,-36606
2022-02-22,001602,71531,91049,-19518
2022-03-01,001602,76881,85724,-8843
2022-03-08,001602,88331,66574,21757
2022-03-15,001602,86470,61503,24967
2022-03-22,001602,87003,64311,22692
2022-03-29,001602,86180,66535,19645
2022-04-05,001602,84903,70950,13953
2022-04-12,001602,89473,72406,17067
2022-04-19,001602,90348,75624,14724
2022-04-26,001602,85717,70747,14970
2022-05-03,001602,82420,71718,10702
2022-05-10,001602,86293,70380,15913
2022-05-17,001602,97490,66034,31456
2022-05-24,001602,93233,68450,24783
2022-05-31,001602,88137,71458,16679
2022-06-07,001602,82385,68611,13774
2022-06-14,001602,77916,70953,6963
2022-06-21,001602,74338,71120,3218
2022-06-28,001602,67681,68850,-1169
2022-07-05,001602,63597,65575,-1978
2022-07-12,001602,56717,67151,-10434
2022-07-19,001602,59955,71508,-11553
2022-07-26,001602,60301,74828,-14527
2022-08-02,001602,65114,84004,-18890
2022-08-09,001602,64106,88187,-24081
2022-08-16,001602,66960,88790,-21830
2022-08-23,001602,63961,93192,-29231
2022-08-30,001602,66659,90594,-23935
2022-09-06,001602,64485,87919,-23434
2022-09-13,001602,62316,84981,-22665
2022-09-20,001602,62692,80831,-18139
2022-09-27,001602,57398,73755,-16357
2022-10-04,001602,53427,66115,-12688
2022-10-11,001602,53147,73036,-19889
2022-10-18,001602,52687,75707,-23020
2022-10-25,001602,51705,88482,-36777
2022-11-01,001602,56025,92730,-36705
2022-11-08,001602,55368,98895,-43527
2022-11-15,001602,53170,100792,-47622
2022-11-22,001602,53298,109142,-55844
2022-11-29,001602,54209,107267,-53058
2022-12-06,001602,57622,120720,-63098
2022-12-13,001602,58803,121896,-63093
2022-12-20,001602,56250,116017,-59767
2022-12-27,001602,55058,111303,-56245
2023-01-03,001602,54220,107040,-52820
2023-01-10,001602,53450,116081,-62631
2023-01-17,001602,53281,117922,-64641
2023-01-24,001602,52549,126351,-73802
2023-01-31,001602,54550,118705,-64155
2023-02-07,001602,51926,124014,-72088
2023-02-14,001602,51386,113094,-61708
2023-02-21,001602,49665,123865,-74200
2023-02-28,001602,50358,144162,-93804
2023-03-07,001602,56212,159344,-103132
2023-03-14,001602,59800,157852,-98052
2023-03-21,001602,60505,149518,-89013
2023-03-28,001602,55029,147689,-92660
2023-04-04,001602,54649,144399,-89750
2023-04-11,001602,55123,161487,-106364
2023-04-18,001602,58953,164239,-105286
2023-04-25,001602,57472,171635,-114163
2023-05-02,001602,57671,185527,-127856
2023-05-09,001602,57770,177419,-119649
2023-05-16,001602,60151,175625,-115474
2023-05-23,001602,60894,181947,-121053
2023-05-30,001602,57391,184425,-127034
2023-06-06,001602,59209,181489,-122280
2023-06-13,001602,59936,176483,-116547
2023-06-20,001602,58381,148820,-90439
2023-06-27,001602,58161,113090,-54929
2023-07-03,001602,58873,115272,-56399
2023-07-11,001602,56379,110788,-54409
2023-07-18,001602,57247,114256,-57009
2023-07-25,001602,57876,99985,-42109
2023-08-01,001602,57652,114672,-57020
2023-08-08,001602,57412,119557,-62145
2023-08-15,001602,56429,130864,-74435
2023-08-22,001602,56808,136815,-80007
2023-08-29,001602,57152,140960,-83808
2023-09-05,001602,60573,143716,-83143
2023-09-12,001602,61767,150999,-89232
2023-09-19,001602,63148,167100,-103952
2023-09-26,001602,66272,168689,-102417
2023-10-03,001602,66128,171752,-105624
2023-10-10,001602,62727,172974,-110247
2023-10-17,001602,63002,173954,-110952
2023-10-24,001602,70624,168334,-97710
2023-10-31,001602,69372,178209,-108837
2023-11-07,001602,77261,177463,-100202
2023-11-14,001602,74884,172335,-97451
2023-11-21,001602,75600,193017,-117417
2023-11-28,001602,74109,198176,-124067
2023-12-05,001602,75574,176106,-100532
2023-12-12,001602,68266,139376,-71110
2023-12-19,001602,60943,127819,-66876
2023-12-26,001602,64568,125284,-60716
2024-01-02,001602,68208,132284,-64076
2024-01-09,001602,69030,130780,-61750
2024-01-16,001602,68075,144938,-76863
2024-01-23,001602,68466,138811,-70345
2024-01-30,001602,72371,140060,-67689
2024-02-06,001602,75128,144446,-69318
2024-02-13,001602,79676,137556,-57880
2024-02-20,001602,81087,152405,-71318
2024-02-27,001602,85039,141005,-55966
2024-03-05,001602,88516,153349,-64833
2024-03-12,001602,76316,154942,-78626
2024-03-19,001602,79423,160625,-81202
2024-03-26,001602,77203,168766,-91563
2024-04-02,001602,79209,170225,-91016
2024-04-09,001602,76928,162734,-85806
2024-04-16,001602,75783,171340,-95557
2024-04-23,001602,79084,154626,-75542
2024-04-30,001602,78496,128125,-49629
2024-05-07,001602,79301,123848,-44547
2024-05-14,001602,85692,115653,-29961
2024-05-21,001602,85866,112555,-26689
2024-05-28,001602,80907,112329,-31422
2024-06-04,001602,76557,112757,-36200
2024-06-11,001602,61074,111431,-50357
2024-06-18,001602,59164,113667,-54503
2024-06-25,001602,64335,133090,-68755
2024-07-02,001602,67893,141851,-73958
2024-07-09,001602,69864,138556,-68692
2024-07-16,001602,70039,142870,-72831
2024-07-23,001602,73093,146252,-73159
2024-07-30,001602,76401,152787,-76386
2024-08-06,001602,73985,145218,-71233
2024-08-13,001602,76492,147518,-71026
2024-08-20,001602,86237,136169,-49932
2024-08-27,001602,91480,147364,-55884
2024-09-03,001602,88702,133630,-44928
2024-09-10,001602,82017,113714,-31697
2024-09-17,001602,80693,108029,-27336
2024-09-24,001602,76938,107259,-30321
2024-10-01,001602,76929,101618,-24689
2024-10-08,001602,67753,99064,-31311
2024-10-15,001602,67146,97611,-30465
2024-10-22,001602,65117,99928,-34811
2024-10-29,001602,64758,100818,-36060
2024-11-05,001602,64831,99279,-34448
2024-11-12,001602,62671,115424,-52753
2024-11-19,001602,71968,131588,-59620
2024-11-26,001602,79172,139930,-60758
2024-12-03,001602,82223,153184,-70961
2024-12-10,001602,81322,149783,-68461
2024-12-17,001602,78633,169948,-91315
2024-12-24,001602,76971,180048,-103077
2024-12-31,001602,80896,171814,-90918
2025-01-07,001602,86933,175897,-88964
2025-01-14,001602,85783,179752,-93969
2025-01-21,001602,84052,173631,-89579
2025-01-28,001602,79797,186188,-106391
2025-02-04,001602,78957,160987,-82030
2025-02-11,001602,81444,155617,-74173
2025-02-18,001602,79599,127443,-47844
2025-02-25,001602,71962,137056,-65094
2025-03-04,001602,78174,160820,-82646
2025-03-11,001602,79584,155930,-76346
2025-03-18,001602,76272,154938,-78666
2025-03-25,001602,75959,166096,-90137
2025-04-01,001602,79588,180172,-100584
2025-04-08,001602,81686,172410,-90724
2025-04-15,001602,78988,165226,-86238
2025-04-22,001602,82766,164627,-81861
2025-04-29,001602,80133,192349,-112216
2025-05-06,001602,84883,190819,-105936
2025-05-13,001602,88121,208662,-120541
2025-05-20,001602,93184,193725,-100541
2025-05-27,001602,83094,176949,-93855
2025-06-03,001602,80948,175491,-94543
2025-06-10,001602,78641,166310,-87669
2025-06-17,001602,79174,153430,-74256
2025-06-24,001602,70748,134616,-63868
2025-07-01,001602,78424,141838,-63414
2025-07-08,001602,83593,141186,-57593
2025-07-15,001602,84752,147786,-63034
2025-07-22,001602,93045,147034,-53989
2025-07-29,001602,89260,156140,-66880
2025-08-05,001602,91921,174878,-82957
2025-08-12,001602,92728,184602,-91874
2025-08-19,001602,87493,187659,-100166
2025-08-26,001602,94379,177238,-82859
2025-09-02,001602,91577,174853,-83276
2025-09-09,001602,91990,185277,-93287
2025-09-16,001602,94296,180095,-85799
2025-09-23,001602,98875,196170,-97295
2025-09-30,001602,98635,194874,-96239
2025-10-07,001602,99681,195081,-95400
2025-10-14,001602,107781,218664,-110883
2025-10-21,001602,107342,214719,-107377
2025-10-28,001602,109720,183051,-73331
2025-11-04,001602,91229,159969,-68740
2025-11-10,001602,84925,142836,-57911
2025-11-18,001602,77537,125636,-48099
2025-11-25,001602,75989,132395,-56406
2025-12-02,001602,86969,133611,-46642
2025-12-09,001602,93332,142367,-49035
2025-12-16,001602,98571,170650,-72079
2025-12-23,001602,96300,194474,-98174
2025-12-30,001602,95374,192570,-97196
2026-01-06,001602,90051,199534,-109483
2026-01-13,001602,90290,198537,-108247
2026-01-20,001602,85522,199082,-113560
2026-01-27,001602,87374,181421,-94047
2026-02-03,001602,88319,169862,-81543
2026-02-10,001602,90285,176117,-85832
2026-02-17,001602,85112,154679,-69567
2026-02-24,001602,104141,121899,-17758
2026-03-03,001602,93666,118755,-25089
2026-03-10,001602,95305,116551,-21246
2026-03-17,001602,100946,112820,-11874
2026-03-24,001602,110732,111726,-994
2026-03-31,001602,117922,110141,7781
2026-04-07,001602,109481,113863,-4382
2026-04-14,001602,102122,107672,-5550
2026-04-21,001602,96306,104690,-8384
2026-04-28,001602,104986,93261,11725
2026-05-05,001602,98031,107064,-9033
2026-05-12,001602,100637,119121,-18484
2026-05-19,001602,109862,112951,-3089
2026-05-26,001602,105626,121780,-16154
2026-06-02,001602,80071,134711,-54640
2026-06-09,001602,65103,142696,-77593
2026-06-16,001602,67862,136830,-68968
2026-06-23,001602,68457,138890,-70433
2026-06-30,001602,69102,136663,-67561
2026-07-07,001602,73719,134151,-60432
2026-07-14,001602,76020,110907,-34887
2026-07-21,001602,74206,92605,-18399
2026-07-28,001602,85168,93331,-8163
2026-08-04,001602,80037,104907,-24870
2026-08-11,001602,78009,111409,-33400
2026-08-18,001602,78911,104239,-25328
2026-08-25,001602,87501,101098,-13597
2026-09-01,001602,109614,94710,14904
2026-09-08,001602,100506,95633,4873
2026-09-15,001602,95798,99472,-3674
2026-09-22,001602,88801,100817,-12016
2026-09-29,001602,82747,104856,-22109
2016-01-05,002602,154029,322779,-168750
2016-01-12,002602,151082,346420,-195338
2016-01-19,002602,150112,313265,-163153
2016-01-26,002602,151653,243582,-91929
2016-02-02,002602,172484,236272,-63788
2016-02-09,002602,164075,266544,-102469
2016-02-16,002602,159045,296608,-137563
2016-02-23,002602,157677,295677,-138000
2016-03-01,002602,143881,350133,-206252
2016-03-08,002602,140042,376243,-236201
2016-03-15,002602,151873,350131,-198258
2016-03-22,002602,159254,322913,-163659
2016-03-29,002602,162451,278953,-116502
2016-04-05,002602,147984,323588,-175604
2016-04-12,002602,155268,301652,-146384
2016-04-19,002602,182223,211495,-29272
2016-04-26,002602,225198,150545,74653
2016-05-03,002602,219444,156146,63298
2016-05-10,002602,197588,162034,35554
2016-05-17,002602,206198,152121,54077
2016-05-24,002602,221302,146846,74456
2016-05-31,002602,254843,112553,142290
2016-06-07,002602,311063,87480,223583
2016-06-14,002602,342545,74133,268412
2016-06-21,002602,318494,102123,216371
2016-06-28,002602,257819,89587,168232
2016-07-05,002602,205394,119344,86050
2016-07-12,002602,167882,173768,-5886
2016-07-19,002602,163260,193018,-29758
2016-07-26,002602,148490,216061,-67571
2016-08-02,002602,149213,255981,-106768
2016-08-09,002602,149953,291448,-141495
2016-08-16,002602,156649,321758,-165109
2016-08-23,002602,176286,334772,-158486
2016-08-30,002602,173135,347624,-174489
2016-09-06,002602,172067,358194,-186127
2016-09-13,002602,176001,327548,-151547
2016-09-20,002602,181231,337264,-156033
2016-09-27,002602,172321,350054,-177733
2016-10-04,002602,183176,336272,-153096
2016-10-11,002602,180101,302015,-121914
2016-10-18,002602,203639,255625,-51986
2016-10-25,002602,197044,257690,-60646
2016-11-01,002602,203173,255934,-52761
2016-11-08,002602,213728,227206,-13478
2016-11-15,002602,180160,254460,-74300
2016-11-22,002602,183579,229217,-45638
2016-11-29,002602,183042,248153,-65111
2016-12-06,002602,170687,236115,-65428
2016-12-13,002602,169404,238454,-69050
2016-12-20,002602,163765,259291,-95526
2016-12-27,002602,163648,273250,-109602
2017-01-03,002602,177373,271407,-94034
2017-01-10,002602,188161,265639,-77478
2017-01-17,002602,202824,256592,-53768
2017-01-24,002602,250506,232746,17760
2017-01-31,002602,231087,226259,4828
2017-02-07,002602,255290,219373,35917
2017-02-14,002602,296824,199625,97199
2017-02-21,002602,294420,187662,106758
2017-02-28,002602,269490,181833,87657
2017-03-07,002602,278156,191136,87020
2017-03-14,002602,211726,239078,-27352
2017-03-21,002602,209725,293843,-84118
2017-03-28,002602,195089,346887,-151798
2017-04-04,002602,190938,332697,-141759
2017-04-11,002602,199311,346554,-147243
2017-04-18,002602,187399,347776,-160377
2017-04-25,002602,196788,377148,-180360
2017-05-02,002602,194698,365301,-170603
2017-05-09,002602,190389,394365,-203976
2017-05-16,002602,207524,408219,-200695
2017-05-23,002602,215676,388864,-173188
2017-05-30,002602,214236,412350,-198114
2017-06-06,002602,246423,373501,-127078
2017-06-13,002602,265153,269168,-4015
2017-06-20,002602,248050,298377,-50327
2017-06-27,002602,219901,325471,-105570
2017-07-03,002602,223757,261364,-37607
2017-07-11,002602,263074,148008,115066
2017-07-18,002602,251564,143761,107803
2017-07-25,002602,246547,139869,106678
2017-08-01,002602,247063,165620,81443
2017-08-08,002602,234162,170480,63682
2017-08-15,002602,233556,204671,28885
2017-08-22,002602,228781,254804,-26023
2017-08-29,002602,220845,284377,-63532
2017-09-05,002602,215999,319897,-103898
2017-09-12,002602,218509,334853,-116344
2017-09-19,002602,218664,349566,-130902
2017-09-26,002602,219642,341313,-121671
2017-10-03,002602,216268,347227,-130959
2017-10-10,002602,212150,363113,-150963
2017-10-17,002602,213330,367969,-154639
2017-10-24,002602,214861,370168,-155307
2017-10-31,002602,195077,394212,-199135
2017-11-07,002602,202829,405285,-202456
2017-11-14,002602,204586,447470,-242884
2017-11-21,002602,219169,431448,-212279
2017-11-28,002602,216408,410428,-194020
2017-12-05,002602,230912,385973,-155061
2017-12-12,002602,207082,406002,-198920
2017-12-19,002602,209192,432597,-223405
2017-12-26,002602,211405,409898,-198493
2018-01-02,002602,213196,402732,-189536
2018-01-09,002602,204600,421432,-216832
2018-01-16,002602,213267,438330,-225063
2018-01-23,002602,207907,424964,-217057
2018-01-30,002602,236675,365729,-129054
2018-02-06,002602,242857,327729,-84872
2018-02-13,002602,258539,263755,-5216
2018-02-20,002602,265863,243467,22396
2018-02-27,002602,282353,223908,58445
2018-03-06,002602,344088,180474,163614
2018-03-13,002602,379108,141465,237643
2018-03-20,002602,368293,160917,207376
2018-03-27,002602,307875,199036,108839
2018-04-03,002602,319724,181479,138245
2018-04-10,002602,323112,153327,169785
2018-04-17,002602,292821,166432,126389
2018-04-24,002602,299404,185286,114118
2018-05-01,002602,339428,153152,186276
2018-05-08,002602,339273,133126,206147
2018-05-15,002602,330210,145437,184773
2018-05-22,002602,340066,149131,190935
2018-05-29,002602,335541,154751,180790
2018-06-05,002602,306994,228298,78696
2018-06-12,002602,292054,304292,-12238
2018-06-19,002602,299377,356828,-57451
2018-06-26,002602,287061,377825,-90764
2018-07-03,002602,274795,382191,-107396
2018-07-10,002602,263353,404297,-140944
2018-07-17,002602,254060,420025,-165965
2018-07-24,002602,266787,431710,-164923
2018-07-31,002602,279674,375287,-95613
2018-08-07,002602,257337,325362,-68025
2018-08-14,002602,249690,309829,-60139
2018-08-21,002602,250778,300674,-49896
2018-08-28,002602,250704,330009,-79305
2018-09-04,002602,266879,347418,-80539
2018-09-11,002602,258836,342728,-83892
2018-09-18,002602,240866,399290,-158424
2018-09-25,002602,247611,372466,-124855
2018-10-02,002602,248380,315767,-67387
2018-10-09,002602,252289,291688,-39399
2018-10-16,002602,259114,237856,21258
2018-10-23,002602,259272,231369,27903
2018-10-30,002602,243634,232064,11570
2018-11-06,002602,237768,223206,14562
2018-11-13,002602,240283,224450,15833
2018-11-20,002602,220820,230672,-9852
2018-11-27,002602,215823,246877,-31054
2018-12-04,002602,259022,219112,39910
2018-12-11,002602,268915,179181,89734
2018-12-18,002602,289292,164865,124427
2018-12-24,002602,267961,177081,90880
2018-12-31,002602,252288,203100,49188
2019-01-08,002602,263578,193418,70160
2019-01-15,002602,237425,221731,15694
2019-01-22,002602,233371,200052,33319
2019-01-29,002602,204165,213997,-9832
2019-02-05,002602,208095,214679,-6584
2019-02-12,002602,217914,250739,-32825
2019-02-19,002602,206034,309693,-103659
2019-02-26,002602,218980,336927,-117947
2019-03-05,002602,211082,403929,-192847
2019-03-12,002602,200436,483417,-282981
2019-03-19,002602,196687,479532,-282845
2019-03-26,002602,196246,414673,-218427
2019-04-02,002602,183992,447760,-263768
2019-04-09,002602,181495,471354,-289859
2019-04-16,002602,182959,509846,-326887
2019-04-23,002602,185815,530000,-344185
2019-04-30,002602,188517,507481,-318964
2019-05-07,002602,192469,488467,-295998
2019-05-14,002602,184831,483382,-298551
2019-05-21,002602,223236,341190,-117954
2019-05-28,002602,233812,256106,-22294
2019-06-04,002602,247479,152217,95262
2019-06-11,002602,251997,130255,121742
2019-06-18,002602,270804,115774,155030
2019-06-25,002602,278396,99813,178583
2019-07-02,002602,277037,107612,169425
2019-07-09,002602,279679,105361,174318
2019-07-16,002602,275757,97025,178732
2019-07-23,002602,260840,117300,143540
2019-07-30,002602,240328,134421,105907
2019-08-06,002602,222989,154903,68086
2019-08-13,002602,207309,185782,21527
2019-08-20,002602,178428,260694,-82266
2019-08-27,002602,169261,265631,-96370
2019-09-03,002602,165073,288873,-123800
2019-09-10,002602,172377,315844,-143467
2019-09-17,002602,160496,337139,-176643
2019-09-24,002602,157849,320400,-162551
2019-10-01,002602,164794,292825,-128031
2019-10-08,002602,169885,266744,-96859
2019-10-15,002602,155973,220722,-64749
2019-10-22,002602,153476,228662,-75186
2019-10-29,002602,138111,226229,-88118
2019-11-05,002602,136563,246283,-109720
2019-11-12,002602,134274,254810,-120536
2019-11-19,002602,132724,271539,-138815
2019-11-26,002602,139042,255989,-116947
2019-12-03,002602,152487,238069,-85582
2019-12-10,002602,141108,259557,-118449
2019-12-17,002602,150825,246796,-95971
2019-12-24,002602,145638,232355,-86717
2019-12-31,002602,154175,239290,-85115
2020-01-07,002602,151938,237445,-85507
2020-01-14,002602,173887,253027,-79140
2020-01-21,002602,179310,245200,-65890
2020-01-28,002602,186117,211507,-25390
2020-02-04,002602,174808,226853,-52045
2020-02-11,002602,171566,240667,-69101
2020-02-18,002602,192969,249824,-56855
2020-02-25,002602,206263,294420,-88157
2020-03-03,002602,204939,282118,-77179
2020-03-10,002602,198468,250816,-52348
2020-03-17,002602,156274,250113,-93839
2020-03-24,002602,137880,250105,-112225
2020-03-31,002602,122863,222788,-99925
2020-04-07,002602,123396,233616,-110220
2020-04-14,002602,121382,258676,-137294
2020-04-21,002602,126210,286235,-160025
2020-04-28,002602,126903,287548,-160645
2020-05-05,002602,117976,307717,-189741
2020-05-12,002602,114292,328971,-214679
2020-05-19,002602,116792,362851,-246059
2020-05-26,002602,115520,392558,-277038
2020-06-02,002602,121597,407804,-286207
2020-06-09,002602,124134,426007,-301873
2020-06-16,002602,135732,413335,-277603
2020-06-23,002602,140752,426694,-285942
2020-06-30,002602,163898,375566,-211668
2020-07-07,002602,156509,306847,-150338
2020-07-14,002602,155760,304546,-148786
2020-07-21,002602,156811,312487,-155676
2020-07-28,002602,165112,323394,-158282
2020-08-04,002602,177225,371322,-194097
2020-08-11,002602,174857,367644,-192787
2020-08-18,002602,184420,312531,-128111
2020-08-25,002602,183481,254647,-71166
2020-09-01,002602,192676,184315,8361
2020-09-08,002602,186828,162938,23890
2020-09-15,002602,198747,152552,46195
2020-09-22,002602,215832,134017,81815
2020-09-29,002602,213237,128489,84748
2020-10-06,002602,225311,108027,117284
2020-10-13,002602,246910,89982,156928
2020-10-20,002602,287514,75939,211575
2020-10-27,002602,317756,59018,258738
2020-11-03,002602,320549,50153,270396
2020-11-10,002602,332181,63356,268825
2020-11-17,002602,330834,62724,268110
2020-11-24,002602,333185,66625,266560
2020-12-01,002602,323611,72512,251099
2020-12-08,002602,327765,80170,247595
2020-12-15,002602,316486,88179,228307
2020-12-21,002602,325373,78265,247108
2020-12-29,002602,382904,73741,309163
2021-01-05,002602,396972,68764,328208
2021-01-12,002602,417788,57604,360184
2021-01-19,002602,374478,38391,336087
2021-01-26,002602,371320,30142,341178
2021-02-02,002602,348638,26329,322309
2021-02-09,002602,367402,27026,340376
2021-02-16,002602,376278,27787,348491
2021-02-23,002602,368814,23754,345060
2021-03-02,002602,358493,27654,330839
2021-03-09,002602,368598,29616,338982
2021-03-16,002602,385346,24560,360786
2021-03-23,002602,405685,26176,379509
2021-03-30,002602,415872,28174,387698
2021-04-06,002602,403716,24074,379642
2021-04-13,002602,420776,23545,397231
2021-04-20,002602,405179,25096,380083
2021-04-27,002602,388010,25772,362238
2021-05-04,002602,380677,25178,355499
2021-05-11,002602,340481,28958,311523
2021-05-18,002602,325081,30711,294370
2021-05-25,002602,307029,38278,268751
2021-06-01,002602,315054,24954,290100
2021-06-08,002602,308049,30496,277553
2021-06-15,002602,288211,33304,254907
2021-06-22,002602,272269,29458,242811
2021-06-29,002602,272222,33744,238478
2021-07-06,002602,265362,47952,217410
2021-07-13,002602,246971,42083,204888
2021-07-20,002602,258994,40431,218563
2021-07-27,002602,256470,30521,225949
2021-08-03,002602,272018,29341,242677
2021-08-10,002602,278740,32269,246471
2021-08-17,002602,294478,25396,269082
2021-08-24,002602,286857,28974,257883
2021-08-31,002602,281251,35501,245750
2021-09-07,002602,256533,54331,202202
2021-09-14,002602,248897,51140,197757
2021-09-21,002602,246431,46488,199943
2021-09-28,002602,268145,33101,235044
2021-10-05,002602,282046,38449,243597
2021-10-12,002602,273419,55180,218239
2021-10-19,002602,262955,51301,211654
2021-10-26,002602,271210,36003,235207
2021-11-02,002602,346283,27459,318824
2021-11-09,002602,342325,30688,311637
2021-11-16,002602,364192,28919,335273
2021-11-23,002602,388087,26078,362009
2021-11-30,002602,341147,37613,303534
2021-12-07,002602,348164,27277,320887
2021-12-14,002602,361859,26387,335472
2021-12-21,002602,378288,27385,350903
2021-12-28,002602,390822,28291,362531
2022-01-04,002602,382122,26767,355355
2022-01-11,002602,365679,30903,334776
2022-01-18,002602,351850,32906,318944
2022-01-25,002602,390867,30743,360124
2022-02-01,002602,402021,33192,368829
2022-02-08,002602,374736,40286,334450
2022-02-15,002602,363571,40372,323199
2022-02-22,002602,382449,37659,344790
2022-03-01,002602,366738,29517,337221
2022-03-08,002602,370280,14456,355824
2022-03-15,002602,376324,15074,361250
2022-03-22,002602,384354,12440,371914
2022-03-29,002602,358316,16677,341639
2022-04-05,002602,363898,14794,349104
2022-04-12,002602,371950,15073,356877
2022-04-19,002602,381896,18995,362901
2022-04-26,002602,361353,22759,338594
2022-05-03,002602,361980,34178,327802
2022-05-10,002602,357196,43805,313391
2022-05-17,002602,366698,54333,312365
2022-05-24,002602,340248,72757,267491
2022-05-31,002602,329922,83222,246700
2022-06-07,002602,307876,68284,239592
2022-06-14,002602,311522,58282,253240
2022-06-21,002602,301168,59477,241691
2022-06-28,002602,263154,51221,211933
2022-07-05,002602,235802,77826,157976
2022-07-12,002602,213486,84962,128524
2022-07-19,002602,191567,88252,103315
2022-07-26,002602,191556,79772,111784
2022-08-02,002602,199417,81383,118034
2022-08-09,002602,210573,75810,134763
2022-08-16,002602,222057,79411,142646
2022-08-23,002602,234120,58593,175527
2022-08-30,002602,256197,50989,205208
2022-09-06,002602,259011,48780,210231
2022-09-13,002602,279069,51394,227675
2022-09-20,002602,286479,50287,236192
2022-09-27,002602,266517,42155,224362
2022-10-04,002602,262214,33393,228821
2022-10-11,002602,293077,38524,254553
2022-10-18,002602,283721,44363,239358
2022-10-25,002602,296158,47272,248886
2022-11-01,002602,307665,46153,261512
2022-11-08,002602,280700,58892,221808
2022-11-15,002602,229227,63380,165847
2022-11-22,002602,217181,60446,156735
2022-11-29,002602,243675,49686,193989
2022-12-06,002602,195226,76037,119189
2022-12-13,002602,194077,66451,127626
2022-12-20,002602,182194,68640,113554
2022-12-27,002602,219730,56064,163666
2023-01-03,002602,248234,48280,199954
2023-01-10,002602,213800,64135,149665
2023-01-17,002602,260234,61369,198865
2023-01-24,002602,269201,65695,203506
2023-01-31,002602,286885,67658,219227
2023-02-07,002602,284351,86222,198129
2023-02-14,002602,311076,77278,233798
2023-02-21,002602,296041,78751,217290
2023-02-28,002602,213046,146696,66350
2023-03-07,002602,196754,181157,15597
2023-03-14,002602,172256,232160,-59904
2023-03-21,002602,181845,227741,-45896
2023-03-28,002602,185631,199068,-13437
2023-04-04,002602,200597,176019,24578
2023-04-11,002602,211778,182893,28885
2023-04-18,002602,225174,167475,57699
2023-04-25,002602,190550,200609,-10059
2023-05-02,002602,154487,266271,-111784
2023-05-09,002602,162025,266530,-104505
2023-05-16,002602,172849,260510,-87661
2023-05-23,002602,172929,270578,-97649
2023-05-30,002602,176111,222957,-46846
2023-06-06,002602,166101,210647,-44546
2023-06-13,002602,174652,172797,1855
2023-06-20,002602,221039,154978,66061
2023-06-27,002602,188486,121725,66761
2023-07-03,002602,161939,169298,-7359
2023-07-11,002602,154200,210367,-56167
2023-07-18,002602,152673,198823,-46150
2023-07-25,002602,180113,155059,25054
2023-08-01,002602,188722,176047,12675
2023-08-08,002602,180074,213127,-33053
2023-08-15,002602,168408,255032,-86624
2023-08-22,002602,161136,282748,-121612
2023-08-29,002602,168277,259408,-91131
2023-09-05,002602,177439,273627,-96188
2023-09-12,002602,162065,300228,-138163
2023-09-19,002602,169624,319079,-149455
2023-09-26,002602,168180,334848,-166668
2023-10-03,002602,169275,324902,-155627
2023-10-10,002602,177938,288387,-110449
2023-10-17,002602,180408,285980,-105572
2023-10-24,002602,174629,274151,-99522
2023-10-31,002602,164307,311448,-147141
2023-11-07,002602,152573,328638,-176065
2023-11-14,002602,163701,338344,-174643
2023-11-21,002602,161120,362910,-201790
2023-11-28,002602,155932,367955,-212023
2023-12-05,002602,181404,338232,-156828
2023-12-12,002602,175122,324777,-149655
2023-12-19,002602,169272,351630,-182358
2023-12-26,002602,173446,345461,-172015
2024-01-02,002602,161734,362683,-200949
2024-01-09,002602,155242,392451,-237209
2024-01-16,002602,151563,423213,-271650
2024-01-23,002602,157008,432475,-275467
2024-01-30,002602,164097,443645,-279548
2024-02-06,002602,168628,462306,-293678
2024-02-13,002602,177104,482107,-305003
2024-02-20,002602,169844,498428,-328584
2024-02-27,002602,181933,469728,-287795
2024-03-05,002602,178511,464091,-285580
2024-03-12,002602,181104,433423,-252319
2024-03-19,002602,174040,418226,-244186
2024-03-26,002602,175778,421241,-245463
2024-04-02,002602,170645,420660,-250015
2024-04-09,002602,160557,416223,-255666
2024-04-16,002602,159713,431313,-271600
2024-04-23,002602,173812,399755,-225943
2024-04-30,002602,171980,385095,-213115
2024-05-07,002602,202413,296190,-93777
2024-05-14,002602,223385,284675,-61290
2024-05-21,002602,211949,327594,-115645
2024-05-28,002602,213816,345636,-131820
2024-06-04,002602,199930,419538,-219608
2024-06-11,002602,203123,423115,-219992
2024-06-18,002602,206268,415602,-209334
2024-06-25,002602,180785,477036,-296251
2024-07-02,002602,150743,497517,-346774
2024-07-09,002602,152750,509165,-356415
2024-07-16,002602,146256,499028,-352772
2024-07-23,002602,154545,488430,-333885
2024-07-30,002602,156102,456412,-300310
2024-08-06,002602,170859,419663,-248804
2024-08-13,002602,183061,436108,-253047
2024-08-20,002602,176939,434198,-257259
2024-08-27,002602,176695,425360,-248665
2024-09-03,002602,195014,383008,-187994
2024-09-10,002602,204012,350607,-146595
2024-09-17,002602,210804,354841,-144037
2024-09-24,002602,197394,337705,-140311
2024-10-01,002602,209082,281167,-72085
2024-10-08,002602,205521,240375,-34854
2024-10-15,002602,191421,298869,-107448
2024-10-22,002602,227567,315425,-87858
2024-10-29,002602,244750,280258,-35508
2024-11-05,002602,270820,267785,3035
2024-11-12,002602,292348,192569,99779
2024-11-19,002602,285074,177975,107099
2024-11-26,002602,265341,181439,83902
2024-12-03,002602,262174,188935,73239
2024-12-10,002602,327933,162361,165572
2024-12-17,002602,310458,152753,157705
2024-12-24,002602,316257,150651,165606
2024-12-31,002602,347394,123498,223896
2025-01-07,002602,353322,109607,243715
2025-01-14,002602,389883,97720,292163
2025-01-21,002602,424992,103308,321684
2025-01-28,002602,438643,94854,343789
2025-02-04,002602,444920,83389,361531
2025-02-11,002602,410303,84059,326244
2025-02-18,002602,438583,78850,359733
2025-02-25,002602,411839,77996,333843
2025-03-04,002602,297148,90304,206844
2025-03-11,002602,248286,115874,132412
2025-03-18,002602,243695,139265,104430
2025-03-25,002602,230554,156634,73920
2025-04-01,002602,285078,156645,128433
2025-04-08,002602,290992,159808,131184
2025-04-15,002602,277472,132318,145154
2025-04-22,002602,289843,157429,132414
2025-04-29,002602,262858,176729,86129
2025-05-06,002602,234641,205622,29019
2025-05-13,002602,196463,260735,-64272
2025-05-20,002602,190130,285613,-95483
2025-05-27,002602,184967,275116,-90149
2025-06-03,002602,183615,317594,-133979
2025-06-10,002602,183575,333718,-150143
2025-06-17,002602,171613,340685,-169072
2025-06-24,002602,173552,348948,-175396
2025-07-01,002602,188779,378319,-189540
2025-07-08,002602,179925,359212,-179287
2025-07-15,002602,190143,349187,-159044
2025-07-22,002602,196655,347418,-150763
2025-07-29,002602,201664,352608,-150944
2025-08-05,002602,204378,340224,-135846
2025-08-12,002602,212492,354831,-142339
2025-08-19,002602,239953,354590,-114637
2025-08-26,002602,233908,344843,-110935
2025-09-02,002602,238659,333856,-95197
2025-09-09,002602,225350,324943,-99593
2025-09-16,002602,217894,299391,-81497
2025-09-23,002602,205034,302357,-97323
2025-09-30,002602,179951,309308,-129357
2025-10-07,002602,172022,306634,-134612
2025-10-14,002602,162573,350565,-187992
2025-10-21,002602,151763,311035,-159272
2025-10-28,002602,172733,255658,-82925
2025-11-04,002602,190187,256428,-66241
2025-11-10,002602,219136,256486,-37350
2025-11-18,002602,251002,202214,48788
2025-11-25,002602,244630,251431,-6801
2025-12-02,002602,250223,217888,32335
2025-12-09,002602,248108,229372,18736
2025-12-16,002602,234318,287684,-53366
2025-12-23,002602,221190,219398,1792
2025-12-30,002602,219452,242200,-22748
2026-01-06,002602,225019,237849,-12830
2026-01-13,002602,202570,293228,-90658
2026-01-20,002602,209697,305564,-95867
2026-01-27,002602,212897,294493,-81596
2026-02-03,002602,213807,294420,-80613
2026-02-10,002602,214350,271843,-57493
2026-02-17,002602,209903,252216,-42313
2026-02-24,002602,219988,233222,-13234
2026-03-03,002602,239232,186989,52243
2026-03-10,002602,330320,131516,198804
2026-03-17,002602,343658,112770,230888
2026-03-24,002602,363377,83747,279630
2026-03-31,002602,344768,86816,257952
2026-04-07,002602,311210,100234,210976
2026-04-14,002602,297194,144576,152618
2026-04-21,002602,327557,145344,182213
2026-04-28,002602,380569,114997,265572
2026-05-05,002602,440048,95407,344641
2026-05-12,002602,416409,120789,295620
2026-05-19,002602,430820,137478,293342
2026-05-26,002602,370958,159621,211337
2026-06-02,002602,313131,192995,120136
2026-06-09,002602,294932,296238,-1306
2026-06-16,002602,293859,343346,-49487
2026-06-23,002602,308728,383547,-74819
2026-06-30,002602,293291,360287,-66996
2026-07-07,002602,287447,302446,-14999
2026-07-14,002602,294328,282967,11361
2026-07-21,002602,305756,249043,56713
2026-07-28,002602,314454,187678,126776
2026-08-04,002602,309717,164896,144821
2026-08-11,002602,312829,186954,125875
2026-08-18,002602,321475,139783,181692
2026-08-25,002602,411762,94314,317448
2026-09-01,002602,467856,66853,401003
2026-09-08,002602,491034,76575,414459
2026-09-15,002602,483738,69278,414460
2026-09-22,002602,471466,67369,404097
2026-09-29,002602,439843,58623,381220
