WASDE_Date,Month,T_Minus_4_Open,T_Minus_1_Close,Pre_Report_Trend_%,T_0_High,T_0_Low,T_0_Close,Report_Day_Range,T_Plus_3_Close,Post_Report_3D_Trend_%,COT_Date,COT_ZW_Net_Position
2016-01-12,January,1103.25,1111.0,0.7,1125.25,1104.5,1123.25,20.75,1115.75,-0.67,2016-01-12,-73275
2016-02-08,February,1117.75,1108.75,-0.81,1110.75,1099.5,1100.5,11.25,1100.25,-0.02,2016-02-02,-49273
2016-03-10,March,1096.5,1105.25,0.8,1114.5,1102.0,1114.0,12.5,1114.25,0.02,2016-03-08,-94285
2016-04-13,April,1100.0,1089.5,-0.95,1103.75,1087.0,1098.5,16.75,1110.25,1.07,2016-04-12,-115957
2016-05-10,May,1100.0,1085.75,-1.3,1098.0,1084.5,1090.5,13.5,1104.0,1.24,2016-05-10,-89814
2016-06-10,June,1125.25,1139.5,1.27,1141.75,1123.5,1124.25,18.25,1106.75,-1.56,2016-06-07,-58366
2016-07-08,July,1062.75,1042.5,-1.91,1056.5,1040.5,1052.0,16.0,1056.75,0.45,2016-07-05,-106232
2016-08-12,August,1035.5,1033.25,-0.22,1040.25,1023.0,1039.5,17.25,1043.0,0.34,2016-08-09,-120312
2016-09-13,September,997.5,1009.25,1.18,1011.0,999.0,1001.0,12.0,1003.25,0.22,2016-09-13,-129643
2016-10-13,October,997.75,996.75,-0.1,1017.0,996.5,1016.0,20.5,1020.0,0.39,2016-10-11,-137243
2016-11-09,November,1017.5,1015.25,-0.22,1017.75,1003.75,1006.75,14.0,994.0,-1.27,2016-11-08,-110926
2016-12-09,December,984.75,988.5,0.38,997.25,984.0,996.5,13.25,998.25,0.18,2016-12-06,-124098
2017-01-12,January,1006.0,999.0,-0.7,1010.25,994.75,1006.5,15.5,1011.25,0.47,2017-01-10,-96583
2017-02-09,February,1014.75,1012.75,-0.2,1024.25,1009.75,1023.75,14.5,1029.0,0.51,2017-02-07,-91818
2017-03-08,March,1022.5,1022.0,-0.05,1023.0,1010.75,1012.5,12.25,996.0,-1.63,2017-03-07,-65521
2017-04-11,April,992.75,994.25,0.15,1000.25,989.25,998.75,11.0,988.25,-1.05,2017-04-11,-140835
2017-05-10,May,1006.25,982.0,-2.41,988.25,978.5,984.25,9.75,975.75,-0.86,2017-05-09,-113819
2017-06-12,June,981.75,998.25,1.68,996.5,983.75,986.5,12.75,1006.25,2.0,2017-06-06,-112413
2017-07-13,July,1074.25,1073.25,-0.09,1071.25,1045.5,1048.0,25.75,1040.0,-0.76,2017-07-11,53971
2017-08-10,August,994.0,995.75,0.18,998.25,975.5,976.75,22.75,965.75,-1.13,2017-08-08,-12054
2017-09-12,September,950.5,944.25,-0.66,953.25,937.75,951.5,15.5,958.5,0.74,2017-09-12,-76704
2017-10-09,October,954.5,953.0,-0.16,955.25,945.0,945.5,10.25,940.0,-0.58,2017-10-03,-49284
2017-11-13,November,939.75,941.0,0.13,941.5,931.75,933.75,9.75,929.75,-0.43,2017-11-07,-128121
2017-12-12,December,924.0,905.25,-2.03,910.5,902.25,902.5,8.25,910.0,0.83,2017-12-12,-165412
2018-01-12,January,922.0,925.0,0.33,927.75,910.5,912.25,17.25,917.0,0.52,2018-01-09,-135516
2018-02-12,February,933.75,940.75,0.75,956.75,943.25,955.75,13.5,954.0,-0.18,2018-02-06,-78256
2018-03-09,March,985.25,978.0,-0.74,978.25,964.75,968.0,13.5,967.5,-0.05,2018-03-06,-21600
2018-04-09,April,927.25,951.0,2.56,972.5,953.5,969.5,19.0,959.75,-1.01,2018-04-03,-71963
2018-05-10,May,999.25,972.5,-2.68,977.0,962.25,968.5,14.75,955.5,-1.34,2018-05-08,12585
2018-06-12,June,971.75,976.5,0.49,1000.25,972.25,996.5,28.0,961.5,-3.51,2018-06-12,25135
2018-07-10,July,929.25,956.0,2.88,955.75,936.0,940.0,19.75,945.0,0.53,2018-07-10,-1266
2018-08-10,August,1003.0,1012.5,0.95,1022.0,993.75,994.75,28.25,980.25,-1.46,2018-08-07,66351
2018-09-12,September,950.75,947.5,-0.34,958.0,929.0,935.5,29.0,935.0,-0.05,2018-09-11,11575
2018-10-11,October,946.75,939.25,-0.79,949.75,935.25,936.75,14.5,952.25,1.65,2018-10-09,-18098
2018-11-12,November,936.0,930.75,-0.56,949.5,930.0,948.5,19.5,934.25,-1.5,2018-11-06,-41965
2018-12-11,December,941.25,944.75,0.37,948.5,937.0,940.5,11.5,949.5,0.96,2018-12-11,-22455
2019-01-11,January,937.5,933.25,-0.45,943.25,932.25,939.0,11.0,932.0,-0.75,2019-01-08,-16877
2019-02-08,February,944.25,932.75,-1.22,941.75,933.0,936.75,8.75,941.75,0.53,2019-02-05,-6555
2019-03-12,March,880.25,844.5,-4.06,873.0,843.5,869.0,29.5,878.25,1.06,2019-03-12,-75778
2019-04-08,April,879.5,883.75,0.48,887.0,877.75,881.25,9.25,876.5,-0.54,2019-04-02,-57883
2019-05-13,May,849.0,837.25,-1.38,853.25,831.0,849.5,22.25,879.5,3.53,2019-05-07,-86931
2019-06-11,June,919.5,920.0,0.05,931.25,912.75,930.5,18.5,951.0,2.2,2019-06-11,5274
2019-07-11,July,923.0,913.75,-1.0,932.0,909.25,930.5,22.75,916.5,-1.5,2019-07-09,27583
2019-08-12,August,902.0,908.5,0.72,911.0,875.5,880.75,35.5,878.0,-0.31,2019-08-06,7121
2019-09-09,September,865.25,866.0,0.09,878.25,862.5,876.75,15.75,886.0,1.06,2019-09-03,-19370
2019-10-11,October,894.25,895.25,0.11,915.0,893.5,910.25,21.5,915.5,0.58,2019-10-08,-13446
2019-11-08,November,916.5,914.75,-0.19,920.0,907.75,912.5,12.25,911.25,-0.14,2019-11-05,2333
2019-12-12,December,922.75,918.25,-0.49,933.25,915.25,929.25,18.0,955.25,2.8,2019-12-10,9157
2020-01-10,January,951.5,961.25,1.02,967.5,954.75,963.5,12.75,972.25,0.91,2020-01-07,22261
2020-02-11,February,958.25,951.0,-0.76,950.75,938.0,941.0,12.75,940.0,-0.11,2020-02-11,39482
2020-03-09,March,922.25,914.25,-0.87,921.0,904.25,917.25,16.75,904.0,-1.44,2020-03-03,17096
2020-04-09,April,940.25,946.75,0.69,957.25,945.25,955.0,12.0,938.75,-1.7,2020-04-07,27270
2020-05-13,May,915.0,912.25,-0.3,912.0,898.0,899.5,14.0,894.75,-0.53,2020-05-12,6215
2020-06-09,June,907.5,909.25,0.19,911.75,898.5,902.25,13.25,899.75,-0.28,2020-06-09,-22128
2020-07-08,July,884.5,887.75,0.37,910.0,887.25,909.0,22.75,917.25,0.91,2020-07-07,-32370
2020-08-13,August,893.75,883.75,-1.12,893.25,881.5,889.25,11.75,900.25,1.24,2020-08-11,-18701
2020-09-10,September,940.5,926.5,-1.49,939.5,925.5,931.0,14.0,921.0,-1.07,2020-09-08,22069
2020-10-08,October,952.0,990.25,4.02,999.5,976.0,978.0,23.5,976.75,-0.13,2020-10-06,28097
2020-11-10,November,990.5,980.25,-1.03,995.75,976.75,991.25,19.0,976.25,-1.51,2020-11-10,31513
2020-12-11,December,948.5,970.75,2.35,993.5,964.5,988.75,29.0,972.75,-1.62,2020-12-08,-12021
2021-01-12,January,1028.25,1009.0,-1.87,1044.25,1008.25,1039.25,36.0,1049.75,1.01,2021-01-12,11379
2021-02-10,February,1021.5,1023.75,0.22,1024.75,1001.0,1009.75,23.75,1030.25,2.03,2021-02-09,13240
2021-03-08,March,1021.5,1021.75,0.02,1031.5,1008.25,1015.25,23.25,1011.25,-0.39,2021-03-02,25360
2021-04-09,April,975.75,997.5,2.23,1015.25,996.0,1007.5,19.25,1016.75,0.92,2021-04-06,-12008
2021-05-13,May,1119.5,1096.0,-2.1,1100.5,1057.0,1067.75,43.5,1064.25,-0.33,2021-05-11,6084
2021-06-08,June,1058.25,1046.25,-1.13,1065.5,1046.5,1051.25,19.0,1047.0,-0.4,2021-06-08,-9275
2021-07-12,July,1001.25,978.25,-2.3,1008.75,973.5,1004.0,35.25,1035.25,3.11,2021-07-06,-16363
2021-08-12,August,1076.0,1090.25,1.32,1125.25,1086.25,1116.75,39.0,1097.75,-1.7,2021-08-10,16905
2021-09-09,September,1063.5,1058.75,-0.45,1060.5,1040.75,1041.5,19.75,1050.0,0.82,2021-09-07,2292
2021-10-12,October,1094.0,1081.0,-1.19,1093.0,1067.25,1083.25,25.75,1083.25,0.0,2021-10-12,-9980
2021-11-11,November,1124.0,1152.25,2.51,1174.0,1147.5,1161.75,26.5,1158.75,-0.26,2021-11-09,1726
2021-12-09,December,1156.75,1133.25,-2.03,1135.25,1109.25,1115.5,26.0,1125.75,0.92,2021-12-07,-1154
2022-01-10,January,1096.75,1097.25,0.05,1106.25,1086.75,1100.75,19.5,1085.5,-1.39,2022-01-04,-22707
2022-02-11,February,1114.75,1110.25,-0.4,1145.0,1103.5,1136.5,41.5,1118.75,-1.56,2022-02-08,-31969
2022-03-08,March,1346.5,1626.5,20.79,1696.0,1496.5,1619.0,199.5,1439.0,-11.12,2022-03-08,21757
2022-04-13,April,1372.75,1436.25,4.63,1456.75,1410.5,1446.0,46.25,1433.5,-0.86,2022-04-12,17067
2022-05-12,May,1426.5,1437.5,0.77,1507.5,1427.25,1503.25,80.25,1602.0,6.57,2022-05-10,15913
2022-06-13,June,1417.5,1395.25,-1.57,1418.0,1378.0,1395.5,40.0,1401.5,0.43,2022-06-07,13774
2022-07-11,July,1153.25,1202.5,4.27,1251.25,1164.75,1167.5,86.5,1106.0,-5.27,2022-07-05,-1978
2022-08-08,August,1106.0,1086.75,-1.74,1104.75,1071.75,1090.75,33.0,1121.75,2.84,2022-08-02,-18890
2022-09-09,September,1091.5,1122.75,2.86,1166.25,1119.75,1163.25,46.5,1166.0,0.24,2022-09-06,-23434
2022-10-10,October,1210.0,1174.0,-2.98,1243.5,1185.25,1231.75,58.25,1186.0,-3.71,2022-10-04,-12688
2022-11-08,November,1192.25,1139.5,-4.42,1148.75,1118.5,1121.5,30.25,1107.5,-1.25,2022-11-08,-43527
2022-12-09,December,1037.25,1020.25,-1.64,1026.5,1004.75,1008.25,21.75,1023.25,1.49,2022-12-06,-63098
2023-01-12,January,1022.5,1014.0,-0.83,1021.25,997.0,1016.75,24.25,1016.5,-0.02,2023-01-10,-62631
2023-02-10,February,1032.0,1031.25,-0.07,1064.0,1029.0,1060.0,35.0,1045.5,-1.37,2023-02-07,-72088
2023-03-13,March,961.75,944.5,-1.79,961.25,932.5,949.75,28.75,964.25,1.53,2023-03-07,-103132
2023-04-11,April,962.25,943.75,-1.92,951.25,931.5,939.25,19.75,947.75,0.9,2023-04-11,-106364
2023-05-12,May,917.25,882.5,-3.79,909.25,881.25,890.25,28.0,880.75,-1.07,2023-05-09,-119649
2023-06-13,June,881.75,889.0,0.82,904.5,882.0,891.5,22.5,945.5,6.06,2023-06-13,-116547
2023-07-12,July,917.75,904.5,-1.44,906.5,876.0,876.75,30.5,897.75,2.4,2023-07-11,-54409
2023-08-09,August,883.25,900.25,1.92,902.25,877.5,879.0,24.75,860.0,-2.16,2023-08-08,-62145
2023-09-12,September,819.5,802.75,-2.04,809.25,788.25,805.75,21.0,822.5,2.08,2023-09-12,-89232
2023-10-12,October,794.25,774.25,-2.52,792.75,765.5,789.75,27.25,788.75,-0.13,2023-10-10,-110247
2023-11-08,November,780.5,788.5,1.02,817.0,788.5,810.5,28.5,797.25,-1.63,2023-11-07,-100202
2023-12-11,December,809.75,822.5,1.57,824.0,798.0,800.25,26.0,806.5,0.78,2023-12-05,-100532
2024-01-12,January,807.75,794.5,-1.64,802.5,778.0,786.75,24.5,776.25,-1.33,2024-01-09,-61750
2024-02-08,February,792.25,792.75,0.06,792.75,774.5,779.25,18.25,788.25,1.15,2024-02-06,-69318
2024-03-11,March,756.75,731.0,-3.4,743.5,716.75,740.5,26.75,725.5,-2.03,2024-03-05,-64833
2024-04-08,April,750.75,760.5,1.3,767.0,752.75,759.0,14.25,745.0,-1.84,2024-04-02,-91016
2024-05-13,May,824.0,841.75,2.15,872.5,832.75,865.25,39.75,841.5,-2.74,2024-05-07,-44547
2024-06-11,June,837.5,785.75,-6.18,811.25,783.75,804.75,27.5,789.0,-1.96,2024-06-11,-50357
2024-07-08,July,734.0,751.0,2.32,751.25,726.5,731.0,24.75,731.75,0.1,2024-07-02,-73958
2024-08-12,August,700.5,703.0,0.36,707.5,688.5,697.25,19.0,688.75,-1.22,2024-08-06,-71233
2024-09-13,September,703.5,716.5,1.85,736.75,716.0,732.75,20.75,713.75,-2.59,2024-09-10,-31697
2024-10-11,October,728.25,741.75,1.85,749.25,730.5,737.0,18.75,723.0,-1.9,2024-10-08,-31311
2024-11-11,November,707.5,710.5,0.42,710.75,689.75,703.5,21.0,668.25,-5.01,2024-11-05,-34448
2024-12-09,December,667.75,677.25,1.42,684.75,673.75,678.75,11.0,678.5,-0.04,2024-12-03,-70961
2025-01-13,January,660.5,650.75,-1.48,665.75,648.5,665.0,17.25,657.5,-1.13,2025-01-07,-88964
2025-02-11,February,697.25,699.5,0.32,708.0,695.75,697.0,12.25,719.25,3.19,2025-02-11,-74173
2025-03-12,March,656.0,662.5,0.99,667.25,652.25,659.75,15.0,674.25,2.2,2025-03-11,-76346
2025-04-11,April,636.5,643.75,1.14,662.5,642.25,661.5,20.25,652.75,-1.32,2025-04-08,-90724
2025-05-12,May,625.0,613.5,-1.84,620.0,605.75,607.0,14.25,624.5,2.88,2025-05-06,-105936
2025-06-13,June,647.75,618.25,-4.55,636.5,614.0,635.5,22.5,666.75,4.92,2025-06-10,-87669
2025-07-10,July,639.25,623.25,-2.5,631.75,617.25,630.75,14.5,614.25,-2.62,2025-07-08,-57593
2025-08-12,August,584.5,591.25,1.15,591.25,579.5,581.25,11.75,582.75,0.26,2025-08-12,-91874
2025-09-11,September,576.0,570.75,-0.91,578.0,567.75,577.25,10.25,589.75,2.17,2025-09-09,-93287
2025-10-10,October,571.0,562.25,-1.53,565.25,552.5,554.25,12.75,554.5,0.05,2025-10-07,-95400
2025-11-10,November,598.5,583.5,-2.51,593.0,583.25,591.5,9.75,591.5,0.0,2025-11-10,-57911
2025-12-10,December,578.0,573.75,-0.74,574.25,564.5,568.75,9.75,560.0,-1.54,2025-12-09,-49035
2026-01-12,January,552.0,556.5,0.82,567.25,546.25,550.5,21.0,549.75,-0.14,2026-01-06,-109483
2026-02-12,February,574.0,576.5,0.44,592.75,575.25,591.75,17.5,585.75,-1.01,2026-02-10,-85832
2026-03-09,March,609.25,650.0,6.69,675.0,634.5,636.5,40.5,631.75,-0.75,2026-03-03,-25089
2026-04-09,April,630.75,613.5,-2.73,622.0,603.25,607.75,18.75,625.25,2.88,2026-04-07,-4382
2026-05-12,May,652.5,659.25,1.03,704.25,662.0,704.25,42.25,661.0,-6.14,2026-05-12,-18484
2026-06-10,June,612.25,610.5,-0.29,625.5,608.75,612.75,16.75,615.0,0.37,2026-06-09,-77593
2026-07-10,July,615.0,634.25,3.13,663.75,628.5,654.75,35.25,692.0,5.69,2026-07-07,-60432
2026-08-12,August,658.25,644.75,-2.05,672.25,646.0,667.25,26.25,689.25,3.3,2026-08-11,-33400
2026-09-09,September,782.25,747.0,-4.51,755.5,727.75,728.75,27.75,722.0,-0.93,2026-09-08,4873
