Time,Open,High,Low,Close,Volume,OpenInterest
2026-09-02 07:00,545.75,549.0,536.25,537.25,47617.0,0
2026-09-02 11:00,537.25,538.75,536.5,537.25,10282.0,0
2026-09-02 15:00,537.25,538.75,536.0,537.75,12679.0,0
2026-09-02 19:00,537.5,549.75,536.5,545.25,108978.0,0
2026-09-02 23:00,545.25,548.75,542.25,542.5,72444.0,0
2026-09-03 07:00,542.5,542.75,539.75,541.0,14904.0,0
2026-09-03 11:00,541.0,541.75,538.5,539.25,8452.0,0
2026-09-03 15:00,539.25,539.25,529.0,530.0,59402.0,0
2026-09-03 19:00,530.0,539.5,526.5,539.5,134739.0,0
2026-09-03 23:00,539.5,542.25,537.0,539.25,71982.0,0
2026-09-04 07:00,539.0,544.75,536.75,540.25,16208.0,0
2026-09-04 11:00,540.5,542.0,537.75,538.5,5996.0,0
2026-09-04 15:00,538.5,543.0,537.5,541.75,14586.0,0
2026-09-04 19:00,541.5,541.75,535.75,537.25,75575.0,0
2026-09-04 23:00,537.25,540.0,535.75,536.75,49272.0,0
2026-09-08 07:00,539.25,542.0,538.25,542.0,15715.0,0
2026-09-08 11:00,541.75,543.5,539.0,541.75,8018.0,0
2026-09-08 15:00,541.5,542.25,537.25,537.25,17292.0,0
2026-09-08 19:00,537.0,540.0,532.5,533.75,86782.0,0
2026-09-08 23:00,533.75,534.5,532.0,532.75,68425.0,0
2026-09-09 07:00,532.5,532.5,527.75,529.5,18357.0,0
2026-09-09 11:00,529.25,533.25,529.0,532.5,7499.0,0
2026-09-09 15:00,532.5,534.75,531.0,531.25,17814.0,0
2026-09-09 19:00,531.5,533.5,526.5,528.0,111506.0,0
2026-09-09 23:00,528.0,531.75,527.5,528.25,49674.0,0
2026-09-10 07:00,527.5,529.5,526.75,528.75,7421.0,0
2026-09-10 11:00,528.5,529.0,527.0,528.0,5177.0,0
2026-09-10 15:00,528.25,532.25,528.0,532.0,10889.0,0
2026-09-10 19:00,532.0,534.5,526.5,532.5,102054.0,0
2026-09-10 23:00,532.75,534.5,530.5,533.5,55241.0,0
2026-09-11 07:00,533.25,533.5,528.75,529.5,13143.0,0
2026-09-11 11:00,529.5,529.75,527.5,528.75,9290.0,0
2026-09-11 15:00,528.5,530.0,527.0,529.25,10227.0,0
2026-09-11 19:00,529.0,530.75,524.5,529.5,106056.0,0
2026-09-11 23:00,529.25,544.75,523.25,532.0,186156.0,0
2026-09-14 07:00,530.5,534.5,528.0,529.25,14252.0,0
2026-09-14 11:00,529.0,530.25,526.25,530.0,8099.0,0
2026-09-14 15:00,529.75,530.5,528.25,530.0,10467.0,0
2026-09-14 19:00,530.0,536.5,528.5,530.0,101728.0,0
2026-09-14 23:00,530.0,534.25,529.75,534.0,54327.0,0
2026-09-15 07:00,533.25,533.25,530.25,531.25,7529.0,0
2026-09-15 11:00,531.5,533.5,531.25,531.5,4067.0,0
2026-09-15 15:00,531.5,532.75,527.5,527.5,13374.0,0
2026-09-15 19:00,527.5,535.0,527.25,532.0,75437.0,0
2026-09-15 23:00,532.0,536.25,531.25,535.75,48964.0,0
2026-09-16 07:00,535.75,537.5,534.0,537.0,9585.0,0
2026-09-16 11:00,537.0,539.0,536.5,538.0,6053.0,0
2026-09-16 15:00,538.0,539.25,534.5,534.5,9052.0,0
2026-09-16 19:00,534.75,537.0,530.25,531.25,74454.0,0
2026-09-16 23:00,531.25,534.75,529.0,534.0,55902.0,0
2026-09-17 07:00,533.75,535.5,531.25,534.75,9874.0,0
2026-09-17 11:00,535.0,535.75,533.25,534.75,3230.0,0
2026-09-17 15:00,534.75,536.75,531.0,531.25,14169.0,0
2026-09-17 19:00,531.5,533.0,527.0,528.75,76232.0,0
2026-09-17 23:00,528.75,533.75,528.0,531.0,50102.0,0
2026-09-18 07:00,530.5,532.75,530.0,531.0,7997.0,0
2026-09-18 11:00,530.75,530.75,528.0,528.75,4970.0,0
2026-09-18 15:00,528.75,531.75,528.25,530.0,8334.0,0
2026-09-18 19:00,529.5,530.25,525.5,526.5,66200.0,0
2026-09-18 23:00,526.75,528.0,526.5,527.25,40767.0,0
2026-09-21 07:00,527.5,534.75,526.25,533.75,22420.0,0
2026-09-21 11:00,534.0,534.0,533.0,533.0,3441.0,0
2026-09-21 15:00,533.0,534.5,531.5,534.0,7682.0,0
2026-09-21 19:00,534.25,543.0,532.25,542.75,100731.0,0
2026-09-21 23:00,542.75,543.5,540.0,543.0,68105.0,0
2026-09-22 07:00,543.0,544.0,542.0,543.75,11050.0,0
2026-09-22 11:00,543.5,544.5,541.5,542.0,6003.0,0
2026-09-22 15:00,542.0,542.25,537.0,538.75,21705.0,0
2026-09-22 19:00,538.75,541.75,535.5,540.25,62918.0,0
2026-09-22 23:00,540.25,541.75,536.0,536.25,39904.0,0
2026-09-23 07:00,536.0,536.25,532.0,532.5,13566.0,0
2026-09-23 11:00,532.5,533.5,529.75,529.75,8579.0,0
2026-09-23 15:00,530.0,531.5,528.75,530.75,13217.0,0
2026-09-23 19:00,530.5,532.25,527.5,528.0,72111.0,0
2026-09-23 23:00,528.25,530.5,527.75,528.75,53678.0,0
2026-09-24 07:00,526.5,530.25,526.5,530.0,9462.0,0
2026-09-24 11:00,530.0,530.75,528.75,530.0,3771.0,0
2026-09-24 15:00,530.25,530.75,527.0,528.5,11363.0,0
2026-09-24 19:00,528.5,530.5,526.0,528.0,60573.0,0
2026-09-24 23:00,528.0,528.5,525.5,526.5,49279.0,0
2026-09-25 07:00,526.5,526.75,518.25,519.75,34885.0,0
2026-09-25 11:00,519.5,520.25,517.75,518.25,10482.0,0
2026-09-25 15:00,518.25,518.5,515.5,515.75,16505.0,0
2026-09-25 19:00,515.75,527.25,514.75,526.0,143242.0,0
2026-09-25 23:00,526.0,529.0,524.5,528.75,63039.0,0
2026-09-28 07:00,528.75,529.0,523.75,525.0,21351.0,0
2026-09-28 11:00,525.0,525.25,522.25,522.5,8624.0,0
2026-09-28 15:00,522.5,524.5,520.5,521.25,17310.0,0
2026-09-28 19:00,521.25,525.0,517.25,523.0,94454.0,0
2026-09-28 23:00,523.0,524.0,521.25,522.25,48622.0,0
2026-09-29 07:00,522.0,524.75,519.75,523.75,7772.0,0
2026-09-29 11:00,523.75,525.0,520.5,521.5,4415.0,0
2026-09-29 15:00,521.5,525.0,521.0,524.5,8301.0,0
2026-09-29 19:00,524.75,526.5,519.25,521.5,63837.0,0
2026-09-29 23:00,521.5,524.0,520.75,522.25,45662.0,0
2026-09-30 07:00,522.0,522.5,521.0,522.0,4835.0,0
2026-09-30 11:00,522.0,524.5,521.75,524.5,4023.0,0
2026-09-30 15:00,524.5,525.75,524.0,524.0,7142.0,0
2026-09-30 19:00,524.0,526.25,521.75,524.75,61373.0,0
2026-09-30 23:00,525.0,525.0,498.75,501.25,287801.0,0
2026-10-01 07:00,501.0,503.0,498.5,498.5,17231.0,0
2026-10-01 11:00,498.5,502.5,498.25,501.5,8169.0,0
2026-10-01 15:00,501.5,503.75,501.25,502.25,14347.0,0
2026-10-01 19:00,502.25,505.0,495.0,498.5,139962.0,0
2026-10-01 23:00,498.25,502.75,496.25,502.0,84944.0,0
