Time,Open,High,Low,Close,Volume,OpenInterest,EMA_21,EMA_50,Volatility,Signal,RSI,ATR,S1,S2,R1,R2
2026-06-04 11:00,454.0,454.75,453.75,454.25,0,738178,454.25,454.25,1.0,Neutral,0.0,1.0,453.25,425.75,458.75,465.75
2026-06-04 12:00,454.5,454.75,453.75,454.25,769,738178,454.25,454.25,1.0,Neutral,0.0,1.0,453.25,425.75,458.75,465.75
2026-06-04 13:00,454.25,454.5,453.5,453.75,790,738178,454.20454545454544,454.23039215686276,1.0,Bearish,0.0,1.0,453.25,425.75,458.75,465.75
2026-06-04 14:00,453.75,455.25,453.75,454.25,3894,738178,454.2086776859504,454.23116109188777,1.5,Bearish,51.85185185185185,1.0666666666666667,453.25,425.75,458.75,465.75
2026-06-04 15:00,454.5,454.5,453.25,454.5,1851,738178,454.2351615326822,454.2417037941667,1.25,Bearish,62.360801781737194,1.0911111111111111,453.25,425.75,458.75,465.75
2026-06-04 16:00,454.5,456.0,454.0,455.75,2387,738178,454.37287412062017,454.3008526649837,2.0,Bullish,82.69670000787588,1.2122962962962964,453.25,425.75,458.75,465.75
2026-06-04 17:00,455.75,456.0,454.75,454.75,1500,738178,454.4071582914729,454.31846628596475,1.25,Bullish,56.42990909203656,1.2173234567901237,453.25,425.75,458.75,465.75
2026-06-04 18:00,455.0,456.25,454.5,455.75,2315,738178,454.5292348104299,454.37460486298573,1.75,Bullish,67.53493922289567,1.288346995884774,453.25,425.75,458.75,465.75
2026-06-04 19:00,455.5,457.25,455.25,456.0,3955,738178,454.6629407367544,454.438345848751,2.0,Bullish,69.6196631550917,1.3832340631001374,453.25,425.75,458.75,465.75
2026-06-04 20:00,456.0,456.25,452.25,453.0,29241,738178,454.5117643061404,454.3819401291921,4.0,Bullish,38.04670347988219,1.7321361880201191,453.25,425.75,458.75,465.75
2026-06-04 21:00,453.0,453.75,451.0,451.75,28048,738178,454.26069482376397,454.2787267907924,2.75,Bearish,31.613474018283796,1.86785136295077,453.25,425.75,458.75,465.75
2026-06-04 22:00,451.5,453.0,450.5,451.75,23142,738178,454.0324498397854,454.1795610342907,2.5,Bearish,31.613474018283796,1.9521378478906672,453.25,425.75,458.75,465.75
2026-06-04 23:00,451.5,452.75,450.75,451.75,11688,738178,453.8249543998049,454.08428413098517,2.0,Bearish,31.613474018283796,1.9585194681719116,453.25,425.75,458.75,465.75
2026-06-05 00:00,451.5,452.0,450.0,451.75,16799,738178,453.63632218164076,453.9927435768289,2.0,Bearish,31.613474018283796,1.9640502057489901,453.25,425.75,458.75,465.75
2026-06-05 01:00,451.75,452.25,451.25,451.5,21104,738178,453.4421110742189,453.89498892675715,1.0,Bearish,30.238056317416465,1.8355101783157914,453.25,425.75,458.75,465.75
2026-06-05 07:00,451.75,452.5,450.0,450.0,0,738178,453.12919188565354,453.74224426296274,2.5,Bearish,23.60275060513294,1.9241088212070192,453.25,425.75,458.75,465.75
2026-06-05 08:00,450.0,450.0,448.0,449.0,8253,738178,452.75381080513955,453.5562738997093,2.0,Bearish,20.39037893825204,1.9342276450460834,453.25,425.75,458.75,465.75
2026-06-05 09:00,449.0,451.25,448.75,450.75,935,738178,452.5716461864905,453.446223942858,2.5,Bearish,36.641722245061295,2.009663959039939,453.25,425.75,458.75,465.75
2026-06-05 10:00,450.5,450.75,449.75,450.0,164,738178,452.33786016953684,453.31107790588317,1.0,Bearish,33.486689829286036,1.875042097834614,453.25,425.75,458.75,465.75
2026-06-05 11:00,450.0,450.0,449.5,449.5,138,738178,452.07987288139714,453.16162387035837,0.5,Bearish,31.537100522784186,1.6917031514566656,453.25,425.75,458.75,465.75
2026-06-05 12:00,449.5,450.0,449.0,449.75,1463,738178,451.86806625581556,453.0278346989718,1.0,Bearish,33.618115378008255,1.5994760645957768,453.25,425.75,458.75,465.75
2026-06-05 13:00,449.75,450.5,449.5,449.5,316,738178,451.6527875052869,452.8894882401886,1.0,Bearish,32.55252745523545,1.5195459226496733,453.25,425.75,458.75,465.75
2026-06-05 14:00,450.0,450.25,449.25,450.25,393,738178,451.5252613684426,452.78597889743617,1.0,Bearish,38.817891418350754,1.4502731329630503,453.25,425.75,458.75,465.75
2026-06-05 15:00,450.0,450.75,449.25,450.5,1684,738178,451.43205578949323,452.6963326661642,1.5,Bearish,40.79223495003059,1.4569033819013102,453.25,425.75,458.75,465.75
2026-06-05 16:00,450.25,450.5,448.75,449.25,2498,738178,451.2336870813575,452.5611823655303,1.75,Bearish,34.75343426463024,1.4959829309811357,453.25,425.75,458.75,465.75
2026-06-05 17:00,449.25,449.5,448.25,448.5,1540,738178,450.98517007396134,452.4019203119801,1.25,Bearish,31.71931320843389,1.4631852068503177,453.25,425.75,458.75,465.75
2026-06-05 18:00,448.5,448.75,447.25,448.5,3092,738178,450.759245521783,452.24890382915737,1.5,Bearish,31.71931320843389,1.468093845936942,453.25,425.75,458.75,465.75
2026-06-05 19:00,448.5,450.0,448.0,448.5,5786,738178,450.5538595652572,452.1018879927198,2.0,Bearish,31.71931320843389,1.539014666478683,453.25,425.75,458.75,465.75
2026-06-05 20:00,448.75,450.75,447.5,450.5,25039,738178,450.54896324114287,452.03906885575043,3.25,Bearish,47.101040007264444,1.7671460442815254,453.25,425.75,458.75,465.75
2026-06-05 21:00,450.5,450.5,447.5,449.75,19608,738178,450.47633021922076,451.9493014496426,3.0,Bearish,43.17333583593909,1.9315265717106556,453.25,425.75,458.75,465.75
2026-06-05 22:00,450.0,450.75,445.75,446.0,21517,738178,450.0693911083825,451.7159955104409,5.0,Bearish,29.79490950018507,2.3406563621492347,453.25,425.75,458.75,465.75
2026-06-05 23:00,445.75,447.0,445.25,445.75,13667,738178,449.6767191894386,451.48203490218833,1.75,Bearish,29.146470947561795,2.261902180529337,453.25,425.75,458.75,465.75
2026-06-06 00:00,445.75,446.25,444.75,445.0,17582,738178,449.2515628994896,451.2278374550437,1.5,Bearish,27.231738639343277,2.1603152231254255,453.25,425.75,458.75,465.75
2026-06-06 01:00,445.25,446.75,445.0,446.0,17417,738178,448.9559662722633,451.0228242215126,1.75,Bearish,33.50422280730693,2.105606526708702,453.25,425.75,458.75,465.75
2026-06-08 07:00,449.75,449.75,444.0,444.75,5115,738178,448.57360570205753,450.77683111478666,5.75,Bearish,30.020740046854925,2.591525656480875,453.25,425.75,458.75,465.75
2026-06-08 08:00,444.5,447.5,444.5,445.25,1923,738178,448.2714597291432,450.56009263969696,3.0,Bearish,33.02059381570258,2.645988902283425,453.25,425.75,458.75,465.75
2026-06-08 09:00,445.25,446.5,445.25,445.25,284,738178,447.99678157194836,450.35185371265004,1.25,Bearish,33.02059381570258,2.459857048645635,453.25,425.75,458.75,465.75
2026-06-08 10:00,445.25,445.5,444.5,445.0,458,738178,447.72434688358936,450.1419770964677,1.0,Bearish,32.21967001619558,2.2652094421595503,453.25,425.75,458.75,465.75
2026-06-08 11:00,445.25,446.0,445.25,445.25,344,738178,447.4994062578085,449.95013485739054,0.75,Bearish,33.94509497433647,2.0965148498716104,453.25,425.75,458.75,465.75
2026-06-08 12:00,445.25,445.25,444.25,444.25,1534,738178,447.2040056889168,449.72660015710073,1.0,Bearish,30.590614468862228,1.950312869888729,453.25,425.75,458.75,465.75
2026-06-08 13:00,444.25,445.75,444.25,445.5,892,738178,447.04909608083346,449.56085113133213,1.5,Bearish,38.73991833833503,1.8902711539035653,453.25,425.75,458.75,465.75
2026-06-08 14:00,445.75,446.75,445.25,446.0,613,738178,446.9537237098486,449.4212099104956,1.5,Bearish,41.68906901802711,1.8382350000497565,453.25,425.75,458.75,465.75
2026-06-08 15:00,446.0,446.0,444.25,445.5,1540,738178,446.82156700895325,449.26743697282905,1.75,Bearish,39.63424486241505,1.8264703333764558,453.25,425.75,458.75,465.75
2026-06-08 16:00,445.25,445.75,444.75,445.5,1063,738178,446.7014245535938,449.11969434644357,1.0,Bearish,39.63424486241506,1.7162742889262617,453.25,425.75,458.75,465.75
2026-06-08 17:00,445.75,447.25,443.75,443.75,2587,738178,446.4331132305398,448.9091180975634,3.5,Bearish,33.02651061626412,1.9541043837360936,453.25,425.75,458.75,465.75
2026-06-08 18:00,443.5,444.25,441.5,443.5,6419,738178,446.166466573218,448.6969958192276,2.75,Bearish,32.20060085542798,2.060223799237948,453.25,425.75,458.75,465.75
2026-06-08 19:00,443.25,444.75,443.0,444.5,3878,738178,446.01496961201633,448.5324077478854,1.75,Bearish,38.793989211477,2.0188606260062216,453.25,425.75,458.75,465.75
2026-06-08 20:00,444.25,444.25,441.0,443.25,25810,738178,445.76360873819664,448.3252545028703,3.25,Bearish,34.303296252705536,2.216345875872059,453.25,425.75,458.75,465.75
2026-06-08 21:00,443.5,448.0,443.0,448.0,22767,738178,445.96691703472425,448.31249942432635,5.0,Bearish,55.42102740414703,2.5874997590891176,453.25,425.75,458.75,465.75
2026-06-08 22:00,447.75,447.75,445.75,447.0,21646,738178,446.0608336679311,448.26102885866646,2.0,Bearish,51.65642514757237,2.5424997912105685,453.25,425.75,458.75,465.75
2026-06-08 23:00,446.75,447.5,445.5,446.75,12529,738178,446.1234851526646,448.20177282499327,2.0,Bearish,50.72869240240264,2.470166485715826,453.25,425.75,458.75,465.75
2026-06-09 00:00,446.75,448.5,446.25,447.75,14635,738178,446.271350138786,448.184056243621,2.25,Bearish,54.266828485016596,2.4408109542870493,453.25,425.75,458.75,465.75
2026-06-09 01:00,447.5,447.75,445.0,445.0,12875,738178,446.15577285344176,448.0591912928908,2.75,Bearish,44.750024955378315,2.4820361603821093,453.25,425.75,458.75,465.75
2026-06-09 07:00,446.25,447.75,445.5,447.0,0,738178,446.23252077585613,448.0176543794441,2.25,Bearish,51.42232236841482,2.5177646723311615,453.25,425.75,458.75,465.75
2026-06-09 08:00,447.0,448.0,447.0,447.75,1285,738178,446.37047343259644,448.00715812926984,1.0,Bearish,53.68131831385093,2.3153960493536734,453.25,425.75,458.75,465.75
2026-06-09 09:00,447.75,447.75,446.25,446.25,362,738178,446.3595213023604,447.9382499673377,1.5,Bearish,48.79411069609468,2.206676576106517,453.25,425.75,458.75,465.75
2026-06-09 10:00,446.0,446.5,446.0,446.5,89,738178,446.37229209305485,447.88184800783426,0.5,Bearish,49.61739841776576,1.9791196992923148,453.25,425.75,458.75,465.75
2026-06-09 11:00,446.5,446.75,446.5,446.5,74,738178,446.3839019027771,447.82765788987996,0.25,Bearish,49.61739841776576,1.7485704060533396,453.25,425.75,458.75,465.75
2026-06-09 12:00,446.5,446.5,446.25,446.5,15,738178,446.39445627525186,447.77559287459053,0.25,Bearish,49.61739841776576,1.548761018579561,453.25,425.75,458.75,465.75
2026-06-09 13:00,446.5,447.5,446.5,447.5,447,738178,446.4949602502289,447.7647853108811,1.0,Bearish,53.36343745773595,1.4755928827689528,453.25,425.75,458.75,465.75
2026-06-09 14:00,447.25,449.0,446.5,447.0,1818,738178,446.5408729547535,447.7347937300622,2.5,Bearish,51.30924094545189,1.6121804983997592,453.25,425.75,458.75,465.75
2026-06-09 15:00,447.0,447.75,446.0,446.75,738,738178,446.55988450432136,447.696174368099,1.75,Bearish,50.267310972696606,1.630556431946458,453.25,425.75,458.75,465.75
2026-06-09 16:00,447.0,447.75,446.25,447.75,1216,738178,446.6680768221103,447.69828517719316,1.5,Bearish,54.26777142717646,1.6131489076869303,453.25,425.75,458.75,465.75
2026-06-09 17:00,447.75,448.5,447.75,448.25,1574,738178,446.8118880201003,447.71992105259733,0.75,Bearish,56.1663574911234,1.4980623866620064,453.25,425.75,458.75,465.75
2026-06-09 18:00,448.25,449.25,447.75,448.75,3587,738178,446.988080018273,447.7603163054367,1.5,Bearish,58.04223696991038,1.4983207351070722,453.25,425.75,458.75,465.75
2026-06-09 19:00,448.75,449.0,447.5,448.25,5266,738178,447.1028000166118,447.77951958757643,1.5,Bearish,55.48507502875712,1.498544637092796,453.25,425.75,458.75,465.75
2026-06-09 20:00,448.0,451.5,447.0,449.0,26188,738178,447.27527274237434,447.8273815645342,4.5,Bearish,58.44266345415758,1.8987386854804233,453.25,425.75,458.75,465.75
2026-06-09 21:00,448.75,450.25,448.5,449.25,19750,738178,447.45479340215843,447.8831705227878,1.75,Bearish,59.41073337302126,1.8789068607497004,453.25,425.75,458.75,465.75
2026-06-09 22:00,449.25,449.75,447.0,447.25,10012,738178,447.43617582014406,447.85834030620794,2.75,Bearish,49.48034165722941,1.9950526126497403,453.25,425.75,458.75,465.75
2026-06-09 23:00,447.0,450.5,446.25,447.0,22256,738178,447.39652347285823,447.82467990204293,4.25,Bearish,48.39149872641764,2.2957122642964416,453.25,425.75,458.75,465.75
2026-06-10 00:00,447.0,447.5,443.75,445.0,18107,738178,447.17865770259834,447.7139081411785,3.75,Bearish,40.67926304273233,2.4896172957235825,453.25,425.75,458.75,465.75
2026-06-10 01:00,445.0,446.0,444.75,445.0,16961,738178,446.980597911453,447.6074803709362,1.25,Bearish,40.67926304273233,2.3243349896271046,453.25,425.75,458.75,465.75
2026-06-10 07:00,445.25,446.25,444.5,444.75,0,738178,446.7778162831391,447.49542231717396,1.75,Bearish,39.76062629020141,2.2477569910101574,453.25,425.75,458.75,465.75
2026-06-10 08:00,445.0,445.5,444.25,445.0,696,738178,446.6161966210355,447.3975626184613,1.25,Bearish,41.19083827291635,2.1147227255421366,453.25,425.75,458.75,465.75
2026-06-10 09:00,445.0,445.0,444.5,444.75,299,738178,446.44654238275956,447.2937366334236,0.5,Bearish,40.16390879609775,1.8994263621365184,453.25,425.75,458.75,465.75
2026-06-10 10:00,445.0,446.0,444.75,445.5,618,738178,446.3604930752359,447.2233940203481,1.25,Bearish,44.62422592126035,1.812836180518316,453.25,425.75,458.75,465.75
2026-06-10 11:00,445.5,445.75,445.5,445.5,324,738178,446.28226643203266,447.15580994111883,0.25,Bearish,44.624225921260354,1.604458023115874,453.25,425.75,458.75,465.75
2026-06-10 12:00,445.5,446.0,445.5,445.75,181,738178,446.2338785745751,447.1006801395064,0.5,Bearish,46.1752990009544,1.4571969533670908,453.25,425.75,458.75,465.75
2026-06-10 13:00,445.75,447.25,445.5,447.0,791,738178,446.3035259768864,447.0967318987414,1.75,Bearish,53.22937749850425,1.4962373595848122,453.25,425.75,458.75,465.75
2026-06-10 14:00,446.75,449.25,446.5,448.75,3006,738178,446.5259327062604,447.161565941928,2.75,Bearish,60.94614314757711,1.6634057116401706,453.25,425.75,458.75,465.75
2026-06-10 15:00,448.75,449.25,448.0,448.75,2207,738178,446.7281206420549,447.22385747361716,1.25,Bearish,60.94614314757711,1.608284950088148,453.25,425.75,458.75,465.75
2026-06-10 16:00,448.75,450.0,448.5,450.0,2590,738178,447.0255642200499,447.3327258079851,1.5,Bearish,65.642157129608,1.5938469567430615,453.25,425.75,458.75,465.75
2026-06-10 17:00,449.75,450.0,448.75,449.25,2688,738178,447.2277856545908,447.4079130312014,1.25,Bearish,60.90968830118453,1.5480006958439867,453.25,425.75,458.75,465.75
2026-06-10 18:00,449.0,451.5,449.0,450.0,4063,738178,447.47980514053705,447.50956350056606,2.5,Bearish,63.72602605927421,1.6749339363981217,453.25,425.75,458.75,465.75
2026-06-10 19:00,450.0,450.25,448.25,448.5,6390,738178,447.5725501277609,447.5484041476027,2.0,Bullish,55.16554456130155,1.7182760782117055,453.25,425.75,458.75,465.75
2026-06-10 20:00,449.25,449.75,446.75,447.25,17105,738178,447.54322738887356,447.5367020241673,3.0,Bullish,49.230560294894694,1.8891726011168113,453.25,425.75,458.75,465.75
2026-06-10 21:00,447.25,449.0,447.0,447.75,19752,738178,447.56202489897595,447.54506665067055,2.0,Bullish,51.47922184685491,1.9039495876345698,453.25,425.75,458.75,465.75
2026-06-10 22:00,448.0,449.0,446.5,448.25,17445,738178,447.62456808997814,447.5727110957423,2.5,Bullish,53.68823227239064,1.9834229759499604,453.25,425.75,458.75,465.75
2026-06-10 23:00,448.0,448.75,446.5,447.0,10818,738178,447.56778917270736,447.55025183708574,2.25,Bullish,47.8260512494802,2.0189665791566322,453.25,425.75,458.75,465.75
2026-06-11 00:00,446.75,448.0,446.5,447.75,9279,738178,447.5843537933703,447.5580850983765,1.5,Bullish,51.26449204748184,1.9497710352690814,453.25,425.75,458.75,465.75
2026-06-11 01:00,447.75,448.0,446.5,447.0,21781,738178,447.5312307212457,447.5361994082441,1.5,Bearish,47.86721702666469,1.8898015638998704,453.25,425.75,458.75,465.75
2026-06-11 07:00,447.5,448.0,446.75,447.75,0,738178,447.55111883749606,447.5445837451757,1.25,Bullish,51.339949185776895,1.8044946887132212,453.25,425.75,458.75,465.75
2026-06-11 08:00,447.75,447.75,445.75,446.5,2905,738178,447.45556257954183,447.50361967673746,2.0,Bearish,45.857166542144924,1.8305620635514583,453.25,425.75,458.75,465.75
2026-06-11 09:00,446.5,446.5,445.75,446.25,272,738178,447.34596598140166,447.45445812078697,0.75,Bearish,44.82608947506553,1.6864871217445974,453.25,425.75,458.75,465.75
2026-06-11 10:00,446.25,447.0,446.25,446.75,1041,738178,447.2917872558197,447.4268323121286,0.75,Bearish,47.374642360556805,1.5616221721786512,453.25,425.75,458.75,465.75
2026-06-11 11:00,446.75,447.0,445.75,445.75,205,738178,447.1516247780179,447.3610741822413,1.25,Bearish,43.08787748002381,1.5200725492214977,453.25,425.75,458.75,465.75
2026-06-11 12:00,445.5,445.75,445.25,445.75,391,738178,447.02420434365257,447.29789480254556,0.5,Bearish,43.08787748002382,1.3840628759919646,453.25,425.75,458.75,465.75
2026-06-11 13:00,445.75,446.5,445.75,446.25,402,738178,446.9538221305932,447.25680088872025,0.75,Bearish,45.925257776508566,1.2995211591930362,453.25,425.75,458.75,465.75
2026-06-11 14:00,446.0,446.75,445.75,446.0,976,738178,446.86711102781203,447.2075145793587,1.0,Bearish,44.724614321867755,1.2595850046339647,453.25,425.75,458.75,465.75
2026-06-11 15:00,446.25,446.25,445.0,445.5,1142,738178,446.7428282071018,447.14055322330546,1.25,Bearish,42.34046861165084,1.2583070040161028,453.25,425.75,458.75,465.75
2026-06-11 16:00,445.75,446.75,445.5,445.75,986,738178,446.65257109736524,447.08602172435235,1.25,Bearish,43.94934100946571,1.2571994034806226,453.25,425.75,458.75,465.75
2026-06-11 17:00,445.5,445.75,445.25,445.5,548,738178,446.54779190669564,447.02382479398557,0.5,Bearish,42.6672185493598,1.1562394830165397,453.25,425.75,458.75,465.75
2026-06-11 18:00,445.5,445.5,443.75,444.25,5610,738178,446.33890173335965,446.9150473510842,1.75,Bearish,36.87478194618878,1.2354075519476677,453.25,425.75,458.75,465.75
2026-06-11 19:00,444.25,446.0,443.5,444.5,4360,738178,446.1717288485088,446.820339611826,2.5,Bearish,38.66814306537997,1.4040198783546454,453.25,425.75,458.75,465.75
2026-06-11 20:00,445.25,445.25,443.0,443.25,16597,738178,445.906117135008,446.68032629371515,2.25,Bearish,33.5377210104314,1.5168172279073595,453.25,425.75,458.75,465.75
2026-06-11 21:00,443.25,444.5,442.5,444.0,17597,738178,445.7328337590982,446.5752154586675,2.0,Bearish,38.78566116661303,1.5812415975197116,453.25,425.75,458.75,465.75
2026-06-11 22:00,444.0,446.0,444.0,444.75,12789,738178,445.6434852355438,446.50363838185706,2.0,Bearish,43.58308066480117,1.63707605118375,453.25,425.75,458.75,465.75
2026-06-11 23:00,445.0,446.5,439.75,440.5,35451,738178,445.17589566867616,446.2682015825685,6.75,Bearish,29.48262754799451,2.31879924435925,453.25,425.75,458.75,465.75
2026-06-12 00:00,440.75,440.75,437.5,438.75,28918,738178,444.5917233351601,445.97337014795795,3.25,Bearish,25.78356323897853,2.4429593451113503,453.25,425.75,458.75,465.75
2026-06-12 01:00,439.0,439.75,438.5,439.0,21089,738178,444.0833848501456,445.69990465195957,1.25,Bearish,27.188993732421054,2.2838980990965037,453.25,425.75,458.75,465.75
2026-06-12 07:00,439.5,440.5,438.5,439.75,0,738178,443.68944077285965,445.4665750577651,2.0,Bearish,31.386804497048317,2.24604501921697,453.25,425.75,458.75,465.75
2026-06-12 08:00,440.0,440.0,438.0,438.25,2710,738178,443.1949461571452,445.18357211432334,2.0,Bearish,27.91981135675988,2.213239016654707,453.25,425.75,458.75,465.75
2026-06-12 09:00,438.25,439.25,438.0,439.25,869,738178,442.8363146883138,444.9508830118009,1.25,Bearish,33.21609362460876,2.084807147767413,453.25,425.75,458.75,465.75
2026-06-12 10:00,439.5,439.5,438.5,438.5,167,738178,442.44210426210344,444.69790720741656,1.0,Bearish,31.355243754503576,1.940166194731758,453.25,425.75,458.75,465.75
2026-06-12 11:00,438.75,439.0,438.5,438.75,312,738178,442.106458420094,444.46465594438064,0.5,Bearish,32.7085194832279,1.7481440354341904,453.25,425.75,458.75,465.75
2026-06-12 12:00,438.75,440.25,438.5,440.0,625,738178,441.9149622000854,444.2895713975422,1.75,Bearish,39.16622693416936,1.7483914973762984,453.25,425.75,458.75,465.75
2026-06-12 13:00,440.0,440.75,439.75,440.5,1876,738178,441.78632927280495,444.14096075450135,1.0,Bearish,41.58121761134154,1.648605964392792,453.25,425.75,458.75,465.75
2026-06-12 14:00,440.5,441.25,438.75,439.25,2265,738178,441.55575388436813,443.9491583719719,2.5,Bearish,37.566156493193816,1.7621251691404196,453.25,425.75,458.75,465.75
2026-06-12 15:00,439.25,439.25,435.5,437.25,7533,738178,441.1643217130619,443.6864462789534,3.75,Bearish,32.20749236971551,2.0271751465883634,453.25,425.75,458.75,465.75
2026-06-12 16:00,437.25,438.0,436.75,437.0,1966,738178,440.78574701187443,443.4242326993866,1.25,Bearish,31.60068483571358,1.9235517937099151,453.25,425.75,458.75,465.75
2026-06-12 17:00,437.25,438.25,436.75,437.25,1415,738178,440.4643154653404,443.18210592686165,1.5,Bearish,32.960897845267226,1.86707822121526,453.25,425.75,458.75,465.75
2026-06-12 18:00,437.25,437.5,435.75,437.0,2744,738178,440.14937769576403,442.93967040031805,1.75,Bearish,32.2698053140503,1.851467791719892,453.25,425.75,458.75,465.75
2026-06-12 19:00,437.25,439.0,436.75,438.75,3095,738178,440.0221615416036,442.77536960030557,2.25,Bearish,41.51405010964366,1.9046054194905733,453.25,425.75,458.75,465.75
2026-06-12 20:00,438.5,444.0,437.5,442.5,23480,738178,440.24741958327604,442.76457079245046,6.5,Bearish,55.52292445176676,2.5173246968918304,453.25,425.75,458.75,465.75
2026-06-12 21:00,442.5,443.75,442.0,442.5,22084,738178,440.45219962116005,442.75419546725635,1.75,Bearish,55.52292445176676,2.415014737306253,453.25,425.75,458.75,465.75
2026-06-12 22:00,442.75,443.5,441.75,443.0,9556,738178,440.6838178374182,442.7638348606973,1.75,Bearish,57.1114745306815,2.3263461056654196,453.25,425.75,458.75,465.75
2026-06-12 23:00,443.0,443.0,440.5,441.0,12816,738178,440.7125616703802,442.69466486616017,2.5,Bearish,49.49626603023976,2.349499958243364,453.25,425.75,458.75,465.75
2026-06-13 00:00,441.0,441.75,440.25,440.5,6809,738178,440.6932378821638,442.60859957729116,1.5,Bearish,47.780973823814996,2.236233297144249,453.25,425.75,458.75,465.75
2026-06-13 01:00,440.25,440.75,440.0,440.25,10301,738178,440.6529435292398,442.5161054762209,0.75,Bearish,46.90569595229723,2.038068857525016,453.25,425.75,458.75,465.75
2026-06-15 07:00,439.25,439.75,435.75,438.0,6564,738178,440.4117668447634,442.33900330068286,4.0,Bearish,39.83332952446805,2.366326343188347,453.25,425.75,458.75,465.75
2026-06-15 08:00,437.75,438.25,437.25,438.0,990,738178,440.19251531342127,442.16884630849927,1.0,Bearish,39.83332952446805,2.184149497429901,453.25,425.75,458.75,465.75
2026-06-15 09:00,438.0,438.25,437.5,437.5,366,738178,439.9477411940193,441.9857542964013,0.75,Bearish,38.34333092372723,1.9929295644392477,453.25,425.75,458.75,465.75
2026-06-15 10:00,437.5,437.75,437.25,437.25,61,738178,439.70249199456293,441.8000384416405,0.5,Bearish,37.586283092400876,1.7938722891806813,453.25,425.75,458.75,465.75
2026-06-15 11:00,437.25,438.0,437.25,438.0,178,738178,439.5477199950572,441.65101732628204,0.75,Bearish,41.32880502152593,1.654689317289924,453.25,425.75,458.75,465.75
2026-06-15 12:00,438.0,438.5,438.0,438.25,404,738178,439.429745450052,441.5176440978004,0.5,Bearish,42.565104179007854,1.5007307416512674,453.25,425.75,458.75,465.75
2026-06-15 13:00,438.25,438.25,436.75,437.0,859,738178,439.20885950004725,441.3404815841612,1.5,Bearish,38.22768562354435,1.5006333094310984,453.25,425.75,458.75,465.75
2026-06-15 14:00,437.25,437.25,435.0,435.25,3923,738178,438.8489631818611,441.101639169096,2.25,Bearish,33.136722997630955,1.6005488681736186,453.25,425.75,458.75,465.75
2026-06-15 15:00,435.25,436.0,435.25,435.75,1012,738178,438.5672392562374,440.89177096638633,0.75,Bearish,35.76871841875723,1.4871423524171363,453.25,425.75,458.75,465.75
2026-06-15 16:00,435.75,436.0,435.5,436.0,1741,738178,438.33385386930667,440.6999368108418,0.5,Bearish,37.10190114537547,1.3555233720948514,453.25,425.75,458.75,465.75
2026-06-15 17:00,436.0,436.0,435.75,435.75,3214,738178,438.0989580630061,440.50582164178917,0.25,Bearish,36.290709931414725,1.208120255815538,453.25,425.75,458.75,465.75
2026-06-15 18:00,435.75,436.5,435.25,435.75,3126,738178,437.8854164209146,440.3193188323072,1.25,Bearish,36.290709931414725,1.2137042217067997,453.25,425.75,458.75,465.75
2026-06-15 19:00,435.75,436.0,434.25,434.5,7372,738178,437.57765129174055,440.0911102506481,1.75,Bearish,32.20731849810976,1.2852103254792264,453.25,425.75,458.75,465.75
2026-06-15 20:00,434.75,438.25,434.25,438.0,18815,738178,437.61604662885503,440.0091059270933,4.0,Bearish,49.38154390568541,1.6471822820819964,453.25,425.75,458.75,465.75
2026-06-15 21:00,438.25,443.5,438.25,443.5,26411,738178,438.1509514807773,440.14600373387395,5.25,Bearish,64.57076367461903,2.16089131113773,453.25,425.75,458.75,465.75
2026-06-15 22:00,443.5,443.75,441.25,442.0,13457,738178,438.5008649825248,440.21870946980044,2.5,Bearish,59.340860330433934,2.2061058029860328,453.25,425.75,458.75,465.75
2026-06-15 23:00,441.75,443.25,441.0,441.0,12922,738178,438.72805907502254,440.249348314122,2.25,Bearish,56.07980860937087,2.211958362587895,453.25,425.75,458.75,465.75
2026-06-16 00:00,441.25,442.0,440.75,441.0,9538,738178,438.9345991591114,440.27878563513684,1.25,Bearish,56.079808609370865,2.0836972475761755,453.25,425.75,458.75,465.75
2026-06-16 01:00,441.25,442.0,441.0,441.5,14574,738178,439.16781741737395,440.32667639454326,1.0,Bearish,57.436195728631105,1.9392042812326855,453.25,425.75,458.75,465.75
2026-06-16 07:00,441.5,443.25,440.0,440.25,0,738178,439.2661976521581,440.3236694771102,3.25,Bearish,53.02717054566858,2.1139770437349945,453.25,425.75,458.75,465.75
2026-06-16 08:00,440.25,440.5,440.0,440.25,846,738178,439.3556342292346,440.3207804780078,0.5,Bearish,53.02717054566858,1.8987801045703285,453.25,425.75,458.75,465.75
2026-06-16 09:00,440.25,440.5,439.75,440.0,1779,738178,439.4142129356678,440.30820085141926,0.75,Bearish,52.099508262901224,1.7456094239609516,453.25,425.75,458.75,465.75
2026-06-16 10:00,440.0,440.25,439.75,439.75,179,738178,439.4447390324253,440.2863106219518,0.5,Bearish,51.13611444854211,1.5795281674328248,453.25,425.75,458.75,465.75
2026-06-16 11:00,440.0,440.25,439.5,439.75,1450,738178,439.4724900294775,440.2652788328557,0.75,Bearish,51.13611444854212,1.468924411775115,453.25,425.75,458.75,465.75
2026-06-16 12:00,439.75,440.0,439.75,440.0,1214,738178,439.5204454813432,440.25487574137117,0.25,Bearish,52.16203167657933,1.3064011568717664,453.25,425.75,458.75,465.75
2026-06-16 13:00,440.25,441.5,439.75,440.75,796,738178,439.6322231648574,440.2742923789645,1.75,Bearish,55.2008192048372,1.3655476692888644,453.25,425.75,458.75,465.75
2026-06-16 14:00,440.75,441.5,440.25,440.5,608,738178,439.7111119680522,440.2831436582208,1.25,Bearish,53.97014077729346,1.3501413133836826,453.25,425.75,458.75,465.75
2026-06-16 15:00,440.25,440.75,439.0,439.5,2884,738178,439.6919199709565,440.2524321422122,1.75,Bearish,49.24111562745179,1.403455804932525,453.25,425.75,458.75,465.75
2026-06-16 16:00,439.5,440.75,439.25,440.5,1718,738178,439.7653817917787,440.2621406856548,1.5,Bearish,53.617881701445164,1.416328364274855,453.25,425.75,458.75,465.75
2026-06-16 17:00,440.25,441.0,439.25,440.75,1650,738178,439.8548925379806,440.2812724234723,1.75,Bearish,54.670206251361186,1.4608179157048744,453.25,425.75,458.75,465.75
2026-06-16 18:00,441.0,443.0,441.0,441.5,4309,738178,440.0044477618005,440.3290656617675,2.0,Bearish,57.7659685046765,1.5660421936108913,453.25,425.75,458.75,465.75
2026-06-16 19:00,441.5,441.5,440.25,440.5,5341,738178,440.0494979652732,440.33576896914917,1.25,Bearish,52.607130495183945,1.5239032344627725,453.25,425.75,458.75,465.75
2026-06-16 20:00,441.0,448.5,440.75,446.75,58727,738178,440.6586345138847,440.58730744094726,7.75,Bullish,70.39975051654051,2.3873828032010698,453.25,425.75,458.75,465.75
2026-06-16 21:00,447.0,448.75,442.75,443.25,34020,738178,440.8942131944406,440.69172675698854,6.0,Bullish,57.40301421631482,2.869065096107594,453.25,425.75,458.75,465.75
2026-06-16 22:00,443.0,444.25,442.5,442.75,10105,738178,441.0629210858551,440.7724433547537,1.75,Bullish,55.817677234756594,2.7198564166265813,453.25,425.75,458.75,465.75
2026-06-16 23:00,442.5,444.0,442.25,442.5,11860,738178,441.19356462350464,440.8401906741752,1.75,Bullish,54.999772961179296,2.5905422277430374,453.25,425.75,458.75,465.75
2026-06-17 00:00,442.25,443.25,441.75,443.25,14164,738178,441.3805132940951,440.9346930006781,1.5,Bullish,57.03383076331397,2.4451365973772994,453.25,425.75,458.75,465.75
2026-06-17 01:00,443.0,443.5,441.75,443.25,27862,738178,441.5504666309956,441.0254893535927,1.75,Bullish,57.03383076331397,2.352451717726993,453.25,425.75,458.75,465.75
2026-06-17 07:00,442.75,443.5,442.5,442.75,0,738178,441.65951511908685,441.0931172220793,1.0,Bullish,55.107900495767424,2.1721248220300606,453.25,425.75,458.75,465.75
2026-06-17 08:00,442.5,443.0,441.5,442.0,395,738178,441.69046829007897,441.128681252586,1.5,Bullish,52.25733380303935,2.082508179092719,453.25,425.75,458.75,465.75
2026-06-17 09:00,442.0,442.75,441.75,442.5,112,738178,441.76406208188996,441.18245845836697,1.0,Bullish,53.96688127180145,1.93817375521369,453.25,425.75,458.75,465.75
2026-06-17 10:00,442.5,442.75,442.0,442.0,272,738178,441.7855109835363,441.21451891098,0.75,Bullish,51.963082593620435,1.7797505878518647,453.25,425.75,458.75,465.75
2026-06-17 11:00,442.0,442.75,442.0,442.75,745,738178,441.8731918032148,441.27473385564747,0.75,Bullish,54.6812761524141,1.6424505094716162,453.25,425.75,458.75,465.75
2026-06-17 12:00,443.0,443.5,442.25,443.5,1200,738178,442.02108345746797,441.36199919464167,1.25,Bullish,57.28429611784509,1.590123774875401,453.25,425.75,458.75,465.75
2026-06-17 13:00,443.5,443.5,441.25,441.75,1343,738178,441.99643950678905,441.37721491249886,2.25,Bullish,50.05917714862481,1.678107271558681,453.25,425.75,458.75,465.75
2026-06-17 14:00,441.75,442.25,441.25,441.75,647,738178,441.9740359152628,441.3918339355381,1.0,Bullish,50.05917714862481,1.58769296868419,453.25,425.75,458.75,465.75
2026-06-17 15:00,441.75,442.75,441.75,441.75,688,738178,441.9536690138753,441.4058796635562,1.0,Bullish,50.0591771486248,1.5093339061929647,453.25,425.75,458.75,465.75
2026-06-17 16:00,442.0,444.75,441.5,444.25,3791,738178,442.16242637625027,441.51741379439716,3.25,Bullish,59.23341100785528,1.7414227187005695,453.25,425.75,458.75,465.75
2026-06-17 17:00,444.0,444.75,443.25,444.0,1479,738178,442.3294785238639,441.6147701161855,1.5,Bullish,58.08431149143675,1.7092330228738268,453.25,425.75,458.75,465.75
2026-06-17 18:00,443.75,449.0,443.5,447.0,14181,738178,442.7540713853308,441.8259556018253,5.5,Bullish,66.48625550114596,2.2146686198239833,453.25,425.75,458.75,465.75
2026-06-17 19:00,446.75,449.5,446.5,447.5,18607,738178,443.1855194412098,442.04846714685175,3.0,Bullish,67.65013775772545,2.319379470514119,453.25,425.75,458.75,465.75
2026-06-17 20:00,448.5,448.5,443.75,445.5,35350,738178,443.39592676473615,442.18382137638696,4.75,Bullish,58.84668971574696,2.643462207778903,453.25,425.75,458.75,465.75
2026-06-17 21:00,445.75,447.75,445.0,446.75,22365,738178,443.7008425133965,442.3628872047639,2.75,Bullish,62.16096706849381,2.657667246741716,453.25,425.75,458.75,465.75
2026-06-17 22:00,446.75,447.75,444.75,447.5,14872,738178,444.04622046672404,442.5643426084987,3.0,Bullish,64.03263430817157,2.7033116138428204,453.25,425.75,458.75,465.75
2026-06-17 23:00,447.25,448.25,446.75,447.5,7260,738178,444.3602004242946,442.75789780032227,1.5,Bullish,64.03263430817157,2.542870065330445,453.25,425.75,458.75,465.75
2026-06-18 00:00,447.25,449.0,446.5,447.5,20653,738178,444.6456367493587,442.94386259246653,2.5,Bullish,64.03263430817157,2.5371540566197193,453.25,425.75,458.75,465.75
2026-06-18 01:00,447.5,449.25,446.75,449.0,15760,738178,445.0414879539624,443.1813581770757,2.5,Bullish,67.98799045273512,2.532200182403757,453.25,425.75,458.75,465.75
2026-06-18 07:00,447.75,448.75,446.25,447.5,0,738178,445.26498904905674,443.3507166799355,2.5,Bullish,60.78877696470098,2.561240158083256,453.25,425.75,458.75,465.75
2026-06-18 08:00,447.5,448.5,447.5,448.0,1434,738178,445.5136264082334,443.53304151601645,1.0,Bullish,62.22467781757974,2.3530748036721554,453.25,425.75,458.75,465.75
2026-06-18 09:00,448.0,448.5,447.5,448.25,1200,738178,445.7623876438485,443.71802028009427,1.0,Bullish,62.95513830757632,2.1726648298492015,453.25,425.75,458.75,465.75
2026-06-18 10:00,448.25,448.25,447.0,447.25,214,738178,445.89762513077136,443.85652928871804,1.25,Bullish,58.11434463304394,2.0496428525359747,453.25,425.75,458.75,465.75
2026-06-18 11:00,447.25,447.75,447.25,447.5,135,738178,446.0432955734285,443.99941049308205,0.5,Bullish,58.96387024446579,1.843023805531178,453.25,425.75,458.75,465.75
2026-06-18 12:00,447.75,448.0,447.25,448.0,1102,738178,446.22117779402595,444.15629635609844,0.75,Bullish,60.68147433262898,1.697287298127021,453.25,425.75,458.75,465.75
2026-06-18 13:00,448.0,449.5,447.25,449.0,905,738178,446.473797994569,444.3462455186044,2.25,Bullish,63.93296005016828,1.7709823250434182,453.25,425.75,458.75,465.75
2026-06-18 14:00,449.0,449.5,448.75,448.75,775,738178,446.6807254496082,444.5189417727768,0.75,Bullish,62.5405378780754,1.6348513483709626,453.25,425.75,458.75,465.75
2026-06-18 15:00,448.5,449.0,446.5,447.0,2025,738178,446.7097504087347,444.6162381738444,2.5,Bullish,53.72052726569399,1.750204501921501,453.25,425.75,458.75,465.75
2026-06-18 16:00,446.75,447.25,445.25,445.25,1438,738178,446.57704582612246,444.6410915787917,2.0,Bullish,46.637379259790244,1.7835105683319674,453.25,425.75,458.75,465.75
2026-06-18 17:00,445.25,446.5,445.0,445.5,1200,738178,446.4791325692022,444.6747742619764,1.5,Bullish,47.69831331019535,1.7457091592210385,453.25,425.75,458.75,465.75
2026-06-18 18:00,445.5,445.75,444.25,445.0,2500,738178,446.34466597200196,444.6875282124871,1.5,Bullish,45.739654473271685,1.7129479379915666,453.25,425.75,458.75,465.75
2026-06-18 19:00,445.0,446.25,444.5,446.0,6416,738178,446.31333270181995,444.73899769435036,1.75,Bullish,50.1487219961208,1.7178882129260244,453.25,425.75,458.75,465.75
2026-06-18 20:00,445.5,446.25,444.25,445.0,23019,738178,446.19393881983626,444.74923307888565,2.0,Bullish,46.11341855709586,1.755503117869221,453.25,425.75,458.75,465.75
2026-06-18 21:00,445.0,445.0,443.25,444.25,15840,738178,446.017217108942,444.7296553110862,1.75,Bullish,43.29929537712436,1.7547693688199917,453.25,425.75,458.75,465.75
2026-06-18 22:00,444.0,445.0,443.0,443.5,11132,738178,445.78837918994725,444.6814335341809,2.0,Bullish,40.62913098026645,1.7874667863106595,453.25,425.75,458.75,465.75
2026-06-18 23:00,443.5,443.75,441.75,442.5,23735,738178,445.4894356272248,444.5958871210758,2.0,Bullish,37.3241391399547,1.8158045481359049,453.25,425.75,458.75,465.75
2026-06-19 00:00,442.5,443.5,442.25,442.5,10020,738178,445.2176687520225,444.51369546926895,1.25,Bullish,37.3241391399547,1.7403639417177843,453.25,425.75,458.75,465.75
2026-06-19 01:00,442.25,444.5,442.0,444.25,21926,738178,445.129698865475,444.5033544704741,2.5,Bullish,46.205476000978926,1.8416487494887464,453.25,425.75,458.75,465.75
2026-06-22 07:00,445.0,445.25,443.25,444.5,4165,738178,445.0724535140682,444.5032229226124,2.0,Bullish,47.3531979163037,1.8627622495569136,453.25,425.75,458.75,465.75
2026-06-22 08:00,444.5,445.25,443.0,443.0,3544,738178,444.8840486491529,444.4442730040786,2.25,Bullish,41.61605756142217,1.9143939496159919,453.25,425.75,458.75,465.75
2026-06-22 09:00,443.0,443.25,442.75,443.0,874,738178,444.71277149922986,444.3876348470559,0.5,Bullish,41.61605756142217,1.725808089667193,453.25,425.75,458.75,465.75
2026-06-22 10:00,443.0,443.25,442.5,443.0,208,738178,444.5570649992998,444.33321779423017,0.75,Bullish,41.61605756142217,1.595700344378234,453.25,425.75,458.75,465.75
2026-06-22 11:00,443.25,443.25,442.75,443.0,242,738178,444.41551363572705,444.28093474347605,0.5,Bullish,41.61605756142217,1.449606965127803,453.25,425.75,458.75,465.75
2026-06-22 12:00,442.75,443.0,442.25,442.75,669,738178,444.2641033052064,444.22089808686917,0.75,Bullish,40.515642873576226,1.356326036444096,453.25,425.75,458.75,465.75
2026-06-22 13:00,442.5,443.25,442.25,442.75,269,738178,444.12645755018764,444.16321580895277,1.0,Bearish,40.51564287357623,1.3088158982515499,453.25,425.75,458.75,465.75
2026-06-22 14:00,443.0,443.25,442.25,442.75,937,738178,444.0013250456251,444.1077955811507,1.0,Bearish,40.515642873576226,1.2676404451513432,453.25,425.75,458.75,465.75
2026-06-22 15:00,442.5,443.25,441.5,441.75,2788,738178,443.7966591323865,444.01533300934085,1.75,Bearish,35.787978359061185,1.3319550524644976,453.25,425.75,458.75,465.75
2026-06-22 16:00,441.75,443.0,441.5,442.75,1704,738178,443.7015083021695,443.96571210701376,1.5,Bearish,42.956282446745455,1.3543610454692312,453.25,425.75,458.75,465.75
2026-06-22 17:00,442.5,443.0,442.0,442.25,328,738178,443.5695530019722,443.8984292792877,1.0,Bearish,40.52054727681956,1.3071129060733337,453.25,425.75,458.75,465.75
2026-06-22 18:00,442.5,445.0,441.5,444.75,7228,738178,443.6768663654293,443.9318242095117,3.5,Bearish,54.43311781740442,1.5994978519302228,453.25,425.75,458.75,465.75
2026-06-22 19:00,444.75,445.5,442.5,442.5,3292,738178,443.56987851402664,443.8756742405113,3.0,Bearish,44.373314718882064,1.7862314716728598,453.25,425.75,458.75,465.75
2026-06-22 20:00,442.75,443.0,439.5,440.5,31339,738178,443.2907986491151,443.7432948585304,3.5,Bearish,37.70315642433442,2.0147339421164787,453.25,425.75,458.75,465.75
2026-06-22 21:00,440.5,441.25,440.0,441.0,19193,738178,443.08254422646826,443.6357146679998,1.25,Bearish,40.12627806723524,1.9127694165009483,453.25,425.75,458.75,465.75
2026-06-22 22:00,440.75,441.5,439.5,440.0,14099,738178,442.80231293315296,443.4931376221959,2.0,Bearish,37.02448461478701,1.9244001609674886,453.25,425.75,458.75,465.75
2026-06-22 23:00,440.0,441.0,439.25,440.75,11782,738178,442.615739030139,443.3855635977961,1.75,Bearish,40.725315134761615,1.9011468061718235,453.25,425.75,458.75,465.75
2026-06-23 00:00,440.75,441.75,439.75,440.5,16499,738178,442.4233991183082,443.27240424101973,2.0,Bearish,39.88394137300068,1.9143272320155804,453.25,425.75,458.75,465.75
2026-06-23 01:00,440.5,440.5,439.0,439.0,25656,738178,442.11218101664383,443.104858976666,1.5,Bearish,35.186737162403574,1.8590836010801697,453.25,425.75,458.75,465.75
2026-06-23 07:00,439.5,441.0,439.5,440.75,0,738178,441.9883463787671,443.0125115658164,1.5,Bearish,43.54096468141346,1.8778724542694805,453.25,425.75,458.75,465.75
2026-06-23 08:00,440.75,441.0,440.25,440.5,901,738178,441.8530421625156,442.91398170049024,0.75,Bearish,42.694323874595405,1.7274894603668831,453.25,425.75,458.75,465.75
2026-06-23 09:00,440.5,441.25,440.5,441.0,456,738178,441.77549287501415,442.83892359458866,0.75,Bearish,44.9978619791741,1.5971575323179654,453.25,425.75,458.75,465.75
2026-06-23 10:00,440.75,441.0,440.0,440.5,408,738178,441.6595389772856,442.74720110068324,1.0,Bearish,43.13075375867849,1.5175365280089035,453.25,425.75,458.75,465.75
2026-06-23 11:00,440.25,440.25,439.75,440.0,140,738178,441.5086717975323,442.63946772418586,0.5,Bearish,41.285891436155474,1.415198324274383,453.25,425.75,458.75,465.75
2026-06-23 12:00,440.0,440.0,439.25,439.25,2083,738178,441.3033379977566,442.50654742127665,0.75,Bearish,38.6175719936301,1.3265052143711322,453.25,425.75,458.75,465.75
2026-06-23 13:00,439.25,440.25,438.75,439.75,2488,738178,441.162125452506,442.39844752240305,1.5,Bearish,41.33949224380635,1.3496378524549812,453.25,425.75,458.75,465.75
2026-06-23 14:00,439.75,441.0,439.5,440.75,2055,738178,441.1246595022782,442.33380252152455,1.5,Bearish,46.453668965301766,1.369686138794317,453.25,425.75,458.75,465.75
2026-06-23 15:00,441.0,442.5,441.0,441.5,3174,738178,441.1587813657074,442.3011043834256,1.5,Bearish,49.97618265738706,1.4203946536217416,453.25,425.75,458.75,465.75
2026-06-23 16:00,441.5,442.0,441.0,441.75,2592,738178,441.2125285142795,442.27949244682065,1.0,Bearish,51.13023796909024,1.3643420331388427,453.25,425.75,458.75,465.75
2026-06-23 17:00,441.75,442.0,440.75,441.0,964,738178,441.193207740254,442.22931627243554,1.25,Bearish,47.58362911280101,1.3490964287203304,453.25,425.75,458.75,465.75
2026-06-23 18:00,441.0,442.0,440.75,441.25,3341,738178,441.1983706729582,442.1909117127322,1.25,Bearish,48.85708637698447,1.3358835715576198,453.25,425.75,458.75,465.75
2026-06-23 19:00,441.25,441.25,439.5,440.75,3320,738178,441.1576097026893,442.13440537105646,1.75,Bearish,46.42763257928753,1.3910990953499374,453.25,425.75,458.75,465.75
2026-06-23 20:00,440.75,441.0,437.5,437.75,32833,738178,440.84782700244483,441.9624679055249,3.5,Bearish,35.137719749855336,1.6722858826366123,453.25,425.75,458.75,465.75
2026-06-23 21:00,437.5,438.0,435.0,438.0,45537,738178,440.5889336385862,441.807077007269,3.0,Bearish,36.52298825630717,1.8493144316183971,453.25,425.75,458.75,465.75
2026-06-23 22:00,438.0,438.5,437.0,437.0,16664,738178,440.26266694416927,441.61856418345457,1.5,Bearish,33.44596905221191,1.8027391740692775,453.25,425.75,458.75,465.75
2026-06-23 23:00,437.0,437.5,436.5,437.25,8017,738178,439.98878813106296,441.4472479409661,1.0,Bearish,34.92209082662079,1.6957072841933738,453.25,425.75,458.75,465.75
2026-06-24 00:00,437.5,439.0,437.25,437.5,14019,738178,439.76253466460264,441.2924539040655,1.75,Bearish,36.44024104765159,1.7029463129675908,453.25,425.75,458.75,465.75
2026-06-24 01:00,437.5,437.75,437.0,437.75,14200,738178,439.57957696782057,441.15353414312176,0.75,Bearish,37.99789952005415,1.575886804571912,453.25,425.75,458.75,465.75
2026-06-24 07:00,438.0,438.25,437.25,437.5,0,738178,439.39052451620046,441.01025829437185,1.0,Bearish,37.02084015017045,1.4991018972956571,453.25,425.75,458.75,465.75
2026-06-24 08:00,437.5,438.0,436.75,437.5,978,738178,439.2186586510913,440.87260110635725,1.25,Bearish,37.02084015017045,1.4658883109895697,453.25,425.75,458.75,465.75
2026-06-24 09:00,437.75,438.0,437.0,437.25,927,738178,439.03968968281026,440.73053831787263,1.0,Bearish,35.94879022593885,1.4037698695242937,453.25,425.75,458.75,465.75
2026-06-24 10:00,437.25,437.75,437.0,437.75,143,738178,438.92244516619115,440.61365446226984,0.75,Bearish,39.709194236386296,1.3166005535877214,453.25,425.75,458.75,465.75
2026-06-24 11:00,437.5,437.75,437.25,437.5,123,738178,438.79313196926466,440.4915503657103,0.5,Bearish,38.49234648380873,1.2077204797760253,453.25,425.75,458.75,465.75
2026-06-24 12:00,437.5,438.5,437.25,437.75,619,738178,438.6983017902406,440.3840385866628,1.25,Bearish,40.45732670121101,1.213357749139222,453.25,425.75,458.75,465.75
2026-06-24 13:00,437.75,438.75,437.75,438.75,485,738178,438.7030016274914,440.3199586420878,1.0,Bearish,47.66019972654861,1.1849100492539923,453.25,425.75,458.75,465.75
2026-06-24 14:00,438.75,439.0,437.0,437.25,1149,738178,438.5709105704467,440.1995681071039,2.0,Bearish,39.869234451396906,1.29358870935346,453.25,425.75,458.75,465.75
2026-06-24 15:00,437.25,438.75,436.5,438.25,1926,738178,438.5417368822243,440.1231144558449,2.25,Bearish,46.185080429916844,1.4211102147729986,453.25,425.75,458.75,465.75
2026-06-24 16:00,438.5,438.5,437.75,438.25,1151,738178,438.51521534747667,440.0496589869883,0.75,Bearish,46.185080429916844,1.3316288528032656,453.25,425.75,458.75,465.75
2026-06-24 17:00,438.25,439.0,438.0,438.75,1505,738178,438.5365594067969,439.9986919678907,1.0,Bearish,49.27465832752596,1.2874116724294968,453.25,425.75,458.75,465.75
2026-06-24 18:00,438.75,440.0,438.5,439.75,2592,738178,438.6468721879972,439.98893934169894,1.5,Bearish,54.856829965313246,1.3157567827722305,453.25,425.75,458.75,465.75
2026-06-24 19:00,439.75,440.0,438.0,438.75,6537,738178,438.6562474436338,439.9403534851617,2.0,Bearish,49.044464841494985,1.406989211735933,453.25,425.75,458.75,465.75
2026-06-24 20:00,438.75,439.25,437.0,437.25,26415,738178,438.5284067669398,439.8348494269201,2.25,Bearish,41.87688565724375,1.519390650171142,453.25,425.75,458.75,465.75
2026-06-24 21:00,437.5,439.25,436.75,438.25,23283,738178,438.5030970608543,439.7726984690016,2.5,Bearish,47.39629100952326,1.6501385634816563,453.25,425.75,458.75,465.75
2026-06-24 22:00,438.25,438.75,435.5,435.5,17790,738178,438.2300882371403,439.60514166629565,3.25,Bearish,36.99282057899564,1.863453421684102,453.25,425.75,458.75,465.75
2026-06-24 23:00,435.5,437.5,435.0,436.5,26624,738178,438.07280748830937,439.4833714048723,2.5,Bearish,41.980090950831084,1.9483262987928884,453.25,425.75,458.75,465.75
2026-06-25 00:00,436.5,437.0,435.0,435.25,14119,738178,437.8161886257358,439.31735683997533,2.0,Bearish,37.9376978478201,1.9552161256205034,453.25,425.75,458.75,465.75
2026-06-25 01:00,435.0,435.25,433.5,433.75,21921,738178,437.4465351143052,439.09902912076063,1.75,Bearish,33.73918328373277,1.9278539755377697,453.25,425.75,458.75,465.75
2026-06-25 07:00,433.75,434.75,433.25,434.25,0,738178,437.15594101300474,438.9088711160249,1.5,Bearish,36.270960528630525,1.8708067787994005,453.25,425.75,458.75,465.75
2026-06-25 08:00,434.25,434.25,431.5,432.5,4679,738178,436.7326736481861,438.6575428369651,2.75,Bearish,31.704843399555912,1.9880325416261473,453.25,425.75,458.75,465.75
2026-06-25 09:00,432.5,433.0,432.0,432.75,1601,738178,436.37061240744185,438.4258744904174,1.0,Bearish,33.00242218398047,1.8562948694093278,453.25,425.75,458.75,465.75
2026-06-25 10:00,433.0,433.25,432.75,432.75,842,738178,436.0414658249472,438.20329117706774,0.5,Bearish,33.002422183980485,1.6754555534880842,453.25,425.75,458.75,465.75
2026-06-25 11:00,432.75,434.0,432.75,433.75,499,738178,435.833150749952,438.0286523073788,1.25,Bearish,38.42926826422822,1.6187281463563397,453.25,425.75,458.75,465.75
2026-06-25 12:00,433.5,433.75,433.25,433.5,381,738178,435.62104613632,437.8510580992463,0.5,Bearish,37.609094317912,1.4695643935088278,453.25,425.75,458.75,465.75
2026-06-25 13:00,433.5,434.5,433.25,434.25,2211,738178,435.4964055784727,437.70984013456996,1.25,Bearish,41.63360134020936,1.4402891410409842,453.25,425.75,458.75,465.75
2026-06-25 14:00,434.25,435.5,434.0,435.0,2727,738178,435.45127779861156,437.6035718939986,1.5,Bearish,45.42475818074749,1.4482505889021862,453.25,425.75,458.75,465.75
2026-06-25 15:00,435.25,435.5,434.25,434.75,1717,738178,435.387525271465,437.4916671138418,1.25,Bearish,44.38972391675412,1.4218171770485615,453.25,425.75,458.75,465.75
2026-06-25 16:00,434.75,435.5,434.5,435.0,4218,738178,435.3522957013318,437.3939546780049,1.0,Bearish,45.721629943224464,1.36557488677542,453.25,425.75,458.75,465.75
2026-06-25 17:00,435.0,435.75,434.75,434.75,2019,738178,435.29754154666523,437.29027018082826,1.0,Bearish,44.57198123629419,1.3168315685386973,453.25,425.75,458.75,465.75
2026-06-25 18:00,435.0,436.0,434.75,435.5,1611,738178,435.31594686060475,437.2200635070703,1.25,Bearish,48.73643632312413,1.3079206927335378,453.25,425.75,458.75,465.75
2026-06-25 19:00,435.5,435.75,433.0,433.25,6641,738178,435.12813350964063,437.0643747420871,2.75,Bearish,39.21703703178808,1.5001979337023996,453.25,425.75,458.75,465.75
2026-06-25 20:00,433.25,437.25,433.0,435.5,33210,738178,435.16193955421875,437.0030267129857,4.25,Bearish,49.780631179049074,1.8668382092087463,453.25,425.75,458.75,465.75
2026-06-25 21:00,435.5,438.75,435.25,437.25,30226,738178,435.35176323110795,437.0127119399274,3.5,Bearish,56.1620890270281,2.0845931146475802,453.25,425.75,458.75,465.75
2026-06-25 22:00,437.5,439.0,437.25,438.75,18313,738178,435.66069384646175,437.08084088345964,1.75,Bearish,60.7643135654902,2.0399806993612364,453.25,425.75,458.75,465.75
2026-06-25 23:00,439.0,440.75,438.75,440.25,28146,738178,436.0779034967834,437.2051216331279,2.0,Bearish,64.74965890878705,2.034649939446405,453.25,425.75,458.75,465.75
2026-06-26 00:00,440.25,444.0,440.0,443.5,39637,738178,436.75263954253035,437.4519796082993,4.0,Bearish,71.50352734240653,2.2966966141868843,453.25,425.75,458.75,465.75
2026-06-26 01:00,443.5,444.5,442.75,442.75,39047,738178,437.297854129573,437.6597451138562,1.75,Bearish,68.2535730732302,2.2238037322952997,453.25,425.75,458.75,465.75
2026-06-26 07:00,443.0,443.75,441.75,442.25,0,738178,437.7480492087027,437.83975510939126,2.0,Bearish,66.09670771356087,2.1939632346559264,453.25,425.75,458.75,465.75
2026-06-26 08:00,442.25,443.5,441.75,443.25,2318,738178,438.24822655336607,438.0519215756897,1.75,Bullish,68.2572225229908,2.134768136701803,453.25,425.75,458.75,465.75
2026-06-26 09:00,443.25,443.5,442.75,442.75,852,738178,438.65747868487824,438.2361599452705,0.75,Bullish,65.9927538692264,1.9501323851415628,453.25,425.75,458.75,465.75
2026-06-26 10:00,442.75,443.25,442.5,442.5,675,738178,439.00679880443477,438.4033693591815,0.75,Bullish,64.83456603959263,1.7901147337893546,453.25,425.75,458.75,465.75
2026-06-26 11:00,442.5,442.75,442.5,442.5,339,738178,439.3243625494862,438.56402154117444,0.25,Bullish,64.83456603959263,1.5847661026174409,453.25,425.75,458.75,465.75
2026-06-26 12:00,442.5,444.0,442.5,444.0,537,738178,439.7494204995329,438.7771971670108,1.5,Bullish,68.66174030336794,1.5734639556017822,453.25,425.75,458.75,465.75
2026-06-26 13:00,443.75,444.0,443.0,443.5,1267,738178,440.09038227230263,438.96240512124564,1.0,Bullish,66.08009631542336,1.497002094854878,453.25,425.75,458.75,465.75
2026-06-26 14:00,443.25,444.0,442.75,443.0,2565,738178,440.35489297482053,439.12074217531443,1.25,Bullish,63.50852680815146,1.464068482207561,453.25,425.75,458.75,465.75
2026-06-26 15:00,443.0,443.5,441.5,442.0,3896,738178,440.50444815892774,439.23365424687074,2.0,Bullish,58.596988081466364,1.5355260179132195,453.25,425.75,458.75,465.75
2026-06-26 16:00,442.0,443.0,441.5,442.0,2145,738178,440.64040741720703,439.34213839405226,1.5,Bullish,58.596988081466364,1.5307892155247902,453.25,425.75,458.75,465.75
2026-06-26 17:00,441.75,443.5,441.5,443.25,4621,738178,440.87764310655183,439.4953878687953,2.0,Bullish,62.77093604827847,1.593350653454818,453.25,425.75,458.75,465.75
2026-06-26 18:00,443.25,443.5,442.0,442.75,8840,738178,441.0478573695926,439.62301971707785,1.5,Bullish,60.158436002042876,1.5809038996608424,453.25,425.75,458.75,465.75
2026-06-26 19:00,442.75,442.75,441.25,442.0,5251,738178,441.1344157905387,439.7162346301336,1.5,Bullish,56.36867787586745,1.5701167130393967,453.25,425.75,458.75,465.75
2026-06-26 20:00,442.0,445.25,440.75,443.25,32598,738178,441.32674162776243,439.854813664246,4.5,Bullish,60.80092720866865,1.960767817967477,453.25,425.75,458.75,465.75
2026-06-26 21:00,443.25,445.5,442.25,445.5,32297,738178,441.7061287525113,440.0761935205501,3.25,Bullish,67.24996307802152,2.13266544223848,453.25,425.75,458.75,465.75
2026-06-26 22:00,445.5,446.25,443.5,445.25,23973,738178,442.02829886591934,440.2790878922932,2.75,Bullish,65.95162828854791,2.2149767166066825,453.25,425.75,458.75,465.75
2026-06-26 23:00,445.5,445.5,442.75,443.25,23938,738178,442.1393626053812,440.39559424945816,2.75,Bullish,56.546308384305654,2.286313154392458,453.25,425.75,458.75,465.75
2026-06-27 00:00,443.25,444.0,442.0,442.25,27887,738178,442.1494205503465,440.46831604359704,2.0,Bullish,52.51379220512573,2.2481380671401308,453.25,425.75,458.75,465.75
2026-06-27 01:00,442.0,442.25,439.75,441.5,25631,738178,442.09038231849684,440.5087742379658,2.5,Bullish,49.65376606980678,2.2817196581881136,453.25,425.75,458.75,465.75
2026-06-29 07:00,441.0,441.0,436.0,437.75,12105,738178,441.6958021077244,440.40058701294754,5.0,Bullish,38.39429467491968,2.710823703763032,453.25,425.75,458.75,465.75
2026-06-29 08:00,437.75,437.75,436.5,436.75,1725,738178,441.24618373429485,440.25742673793,1.25,Bullish,36.04689477110423,2.5160472099279607,453.25,425.75,458.75,465.75
2026-06-29 09:00,436.75,437.0,436.5,436.75,1390,738178,440.8374397584498,440.11988059134455,0.5,Bullish,36.04689477110423,2.2472409152708996,453.25,425.75,458.75,465.75
2026-06-29 10:00,436.5,436.75,436.25,436.5,581,738178,440.4431270531362,439.9779244897232,0.5,Bullish,35.41902955755398,2.0142754599014463,453.25,425.75,458.75,465.75
2026-06-29 11:00,436.5,436.5,435.75,435.75,1751,738178,440.0164791392147,439.8121235293419,0.75,Bullish,33.53206064946869,1.8457053985812537,453.25,425.75,458.75,465.75
2026-06-29 12:00,435.75,436.0,434.75,435.5,4448,738178,439.60589012655885,439.64302064583825,1.25,Bearish,32.9028088167953,1.7662780121037533,453.25,425.75,458.75,465.75
2026-06-29 13:00,435.75,436.5,435.25,435.5,1910,738178,439.2326273877808,439.48054924796224,1.25,Bearish,32.9028088167953,1.697440943823253,453.25,425.75,458.75,465.75
2026-06-29 14:00,435.75,436.0,434.5,435.25,5535,738178,438.870570352528,439.3146453558853,1.5,Bearish,32.20197330692913,1.6711154846468192,453.25,425.75,458.75,465.75
2026-06-29 15:00,435.25,435.75,434.5,435.25,1757,738178,438.54142759320723,439.15524749879177,1.25,Bearish,32.20197330692912,1.6149667533605767,453.25,425.75,458.75,465.75
2026-06-29 16:00,435.0,435.0,434.0,434.5,3221,738178,438.17402508473384,438.972688773349,1.0,Bearish,29.980159386781835,1.5663045195791665,453.25,425.75,458.75,465.75
2026-06-29 17:00,434.25,434.25,432.0,432.25,6402,738178,437.63547734975805,438.70905391949213,2.25,Bearish,24.51540951992928,1.6907972503019442,453.25,425.75,458.75,465.75
2026-06-29 18:00,432.25,433.75,432.0,433.75,3803,738178,437.28225213614365,438.51458121676694,1.75,Bearish,33.25068469084735,1.6986909502616852,453.25,425.75,458.75,465.75
2026-06-29 19:00,433.5,434.25,432.75,433.25,5879,738178,436.91568376013055,438.3081270514036,1.5,Bearish,31.924494694585846,1.672198823560127,453.25,425.75,458.75,465.75
2026-06-29 20:00,433.75,434.5,430.75,431.25,23718,738178,436.40062160011865,438.03133775527016,3.75,Bearish,27.24373379086282,1.9492389804187769,453.25,425.75,458.75,465.75
2026-06-29 21:00,431.0,432.5,430.5,431.25,28270,738178,435.9323832728351,437.76540294133804,2.0,Bearish,27.24373379086282,1.95600711636294,453.25,425.75,458.75,465.75
2026-06-29 22:00,431.25,431.75,429.0,429.5,22978,738178,435.34762115712283,437.4412694926581,2.75,Bearish,23.715183335177315,2.0618728341812145,453.25,425.75,458.75,465.75
2026-06-29 23:00,429.5,430.5,427.75,428.0,30971,738178,434.6796555973844,437.07102363020095,2.75,Bearish,21.18268793154219,2.1536231229570526,453.25,425.75,458.75,465.75
2026-06-30 00:00,427.75,429.5,427.25,429.0,27187,738178,434.16332327034945,436.75451289960483,2.25,Bearish,26.795174485261953,2.1664733732294454,453.25,425.75,458.75,465.75
2026-06-30 01:00,429.25,430.75,428.75,428.75,20260,738178,433.67120297304496,436.4406104329537,2.0,Bearish,26.29113139979458,2.1442769234655197,453.25,425.75,458.75,465.75
2026-06-30 07:00,430.0,431.75,429.25,431.25,0,738178,433.451093611859,436.2370570826418,2.5,Bearish,38.70770194096194,2.258373333670117,453.25,425.75,458.75,465.75
2026-06-30 08:00,431.25,431.5,430.75,431.0,1521,738178,433.2282669198718,436.0316822950872,0.75,Bearish,38.018008708754735,2.0572568891807683,453.25,425.75,458.75,465.75
2026-06-30 09:00,431.25,432.25,431.0,432.0,1294,738178,433.11660629079256,435.8735771070446,1.25,Bearish,42.436277391760065,1.9496226372899994,453.25,425.75,458.75,465.75
2026-06-30 10:00,431.75,432.25,431.25,431.75,940,738178,432.99236935526596,435.711868200886,1.0,Bearish,41.63719284530887,1.823006285651333,453.25,425.75,458.75,465.75
2026-06-30 11:00,431.75,432.0,431.5,432.0,283,738178,432.9021539593327,435.56630474202774,0.5,Bearish,42.79719150551535,1.6466054475644887,453.25,425.75,458.75,465.75
2026-06-30 12:00,431.75,432.0,431.5,432.0,211,738178,432.82013996302965,435.4264496541051,0.5,Bearish,42.79719150551534,1.4937247212225568,453.25,425.75,458.75,465.75
2026-06-30 13:00,432.0,432.0,431.0,431.75,1151,738178,432.7228545118451,435.28227515786574,1.0,Bearish,41.83289932038866,1.4278947583928827,453.25,425.75,458.75,465.75
2026-06-30 14:00,431.5,432.5,431.5,432.0,2301,738178,432.6571404653137,435.15355848500826,1.0,Bearish,43.21088021962476,1.3708421239404984,453.25,425.75,458.75,465.75
2026-06-30 15:00,432.0,432.25,430.25,430.5,4318,738178,432.46103678664883,434.9710659954001,2.0,Bearish,37.474504217714696,1.454729840748432,453.25,425.75,458.75,465.75
2026-06-30 16:00,430.5,431.5,430.5,431.0,1154,738178,432.32821526058984,434.8153379171491,1.0,Bearish,40.318616938226675,1.3940991953153077,453.25,425.75,458.75,465.75
2026-06-30 17:00,431.0,431.0,430.0,430.0,2442,738178,432.1165593278089,434.62650113608447,1.0,Bearish,36.72097042487426,1.3415526359399332,453.25,425.75,458.75,465.75
2026-06-30 18:00,429.75,430.0,428.25,428.75,5925,738178,431.81050847982624,434.39605011113997,1.75,Bearish,32.783131110600394,1.3960122844812757,453.25,425.75,458.75,465.75
2026-06-30 19:00,428.75,430.0,427.5,430.0,8235,738178,431.645916799842,434.2236559891345,2.5,Bearish,39.742065834029255,1.543210646550439,453.25,425.75,458.75,465.75
2026-06-30 20:00,430.25,431.25,429.0,431.0,23484,738178,431.5871970907654,434.09723810720766,2.25,Bearish,44.6766193736776,1.6374492270103804,453.25,425.75,458.75,465.75
2026-06-30 21:00,431.0,431.25,428.25,428.5,39230,738178,431.3065428097867,433.87773857359167,3.0,Bearish,36.605943226659264,1.8191226634089963,453.25,425.75,458.75,465.75
2026-06-30 22:00,428.25,429.0,425.75,427.5,35655,738178,430.96049346344245,433.6276311785489,3.25,Bearish,33.96304232808126,2.009906308287797,453.25,425.75,458.75,465.75
2026-06-30 23:00,427.75,442.5,427.5,432.0,117297,738178,431.0549940576749,433.5638025048803,15.0,Bearish,51.07960133195429,3.741918800516091,453.25,425.75,458.75,465.75
2026-07-01 00:00,432.0,437.0,431.5,435.75,26589,738178,431.48181277970446,433.64953573998304,5.5,Bearish,60.31161206715539,3.9763296271139454,453.25,425.75,458.75,465.75
2026-07-01 01:00,435.5,436.5,434.5,436.5,26266,738178,431.9380116179131,433.7613186521406,2.0,Bearish,61.861789134713604,3.7128190101654193,453.25,425.75,458.75,465.75
2026-07-01 07:00,436.25,438.75,435.5,437.25,0,738178,432.42091965264825,433.89812968538996,3.25,Bearish,63.401250448138214,3.6511098088100304,453.25,425.75,458.75,465.75
2026-07-01 08:00,437.5,437.75,436.5,437.5,1378,738178,432.8826542296802,434.03937950164914,1.25,Bearish,63.92399596796916,3.3309618343020264,453.25,425.75,458.75,465.75
2026-07-01 09:00,437.75,438.75,437.0,438.5,1141,738178,433.393322026982,434.2143057957021,1.75,Bearish,66.01500521936319,3.1201669230617566,453.25,425.75,458.75,465.75
2026-07-01 10:00,438.75,439.5,438.5,439.5,916,738178,433.9484745699836,434.42158792136087,1.0,Bearish,68.01170730713352,2.837477999986856,453.25,425.75,458.75,465.75
2026-07-01 11:00,439.75,439.75,439.0,439.25,357,738178,434.4304314272578,434.6109374146409,0.75,Bearish,66.9526522406538,2.5591475999886084,453.25,425.75,458.75,465.75
2026-07-01 12:00,439.0,439.5,439.0,439.0,422,738178,434.8458467520526,434.7830575160275,0.5,Bullish,65.84840878713057,2.284594586656794,453.25,425.75,458.75,465.75
2026-07-01 13:00,439.0,439.75,438.0,438.5,705,738178,435.178042501866,434.92881996637936,1.75,Bullish,63.589507826029944,2.213315308435888,453.25,425.75,458.75,465.75
2026-07-01 14:00,438.25,439.25,438.0,439.0,2140,738178,435.5254931835146,435.08847408534484,1.25,Bullish,64.88671127977005,2.084873267311103,453.25,425.75,458.75,465.75
2026-07-01 15:00,439.0,440.0,438.5,438.5,3502,738178,435.7959028941042,435.22225941533134,1.5,Bullish,62.48914398564256,2.006890165002956,453.25,425.75,458.75,465.75
2026-07-01 16:00,438.5,438.75,437.5,437.5,1720,738178,435.950820812822,435.3115825755144,1.25,Bullish,57.88257514137654,1.9059714763358953,453.25,425.75,458.75,465.75
2026-07-01 17:00,437.75,438.25,436.5,438.0,1510,738178,436.13710982983815,435.417010709808,1.75,Bullish,59.49056698998391,1.8851752794911094,453.25,425.75,458.75,465.75
2026-07-01 18:00,438.25,443.75,437.75,442.75,14204,738178,436.7382816634892,435.70457891726653,6.0,Bullish,70.86906138389566,2.433818575558962,453.25,425.75,458.75,465.75
2026-07-01 19:00,442.75,443.5,440.25,441.5,11109,738178,437.1711651486265,435.9318503322757,3.25,Bullish,65.64362819892793,2.542642765484434,453.25,425.75,458.75,465.75
2026-07-01 20:00,441.5,444.0,439.5,441.5,23433,738178,437.56469558966046,436.1502091427747,4.5,Bullish,65.64362819892793,2.8036237300865094,453.25,425.75,458.75,465.75
2026-07-01 21:00,441.5,442.0,438.5,439.25,28054,738178,437.7179050815095,436.2717695685483,3.5,Bullish,56.88728636214082,2.8964738994083086,453.25,425.75,458.75,465.75
2026-07-01 22:00,439.25,440.5,439.0,440.25,11022,738178,437.94809552864496,436.4277786050758,1.5,Bullish,59.47465895883547,2.710277379487201,453.25,425.75,458.75,465.75
2026-07-01 23:00,440.0,441.75,440.0,440.75,16294,738178,438.2028141169499,436.5972774833081,1.75,Bullish,60.743252842561546,2.582240395555574,453.25,425.75,458.75,465.75
2026-07-02 00:00,440.75,441.75,440.5,441.75,13349,738178,438.52528556086355,436.79934503298233,1.25,Bullish,63.22289041179583,2.404608342814831,453.25,425.75,458.75,465.75
2026-07-02 01:00,441.75,443.5,441.5,443.0,22705,738178,438.9320777826032,437.0425079728654,2.0,Bullish,66.10496172090967,2.3506605637728533,453.25,425.75,458.75,465.75
2026-07-02 07:00,443.0,443.25,441.0,443.0,0,738178,439.3018888932756,437.27613511118443,2.25,Bullish,66.10496172090967,2.337239155269806,453.25,425.75,458.75,465.75
2026-07-02 08:00,443.0,443.75,442.5,443.5,2834,738178,439.6835353575232,437.52020824407913,1.25,Bullish,67.29396851639407,2.192273934567165,453.25,425.75,458.75,465.75
2026-07-02 09:00,443.5,443.5,442.5,442.75,569,738178,439.96230487047563,437.72529811686036,1.0,Bullish,63.68517135775698,2.0333040766248764,453.25,425.75,458.75,465.75
2026-07-02 10:00,442.75,443.0,442.5,442.75,403,738178,440.2157317004324,437.9223452495325,0.5,Bullish,63.68517135775698,1.828863533074893,453.25,425.75,458.75,465.75
2026-07-02 11:00,442.75,442.75,442.5,442.5,114,738178,440.42339245493855,438.1018611220999,0.25,Bullish,62.39168702614883,1.618348395331574,453.25,425.75,458.75,465.75
2026-07-02 12:00,442.75,442.75,441.75,442.0,471,738178,440.56672041358047,438.25472931339004,1.0,Bullish,59.77670042065108,1.5359019426206975,453.25,425.75,458.75,465.75
2026-07-02 13:00,442.0,442.0,441.5,441.5,489,738178,440.65156401234583,438.38199483051204,0.5,Bullish,57.19511579037972,1.3977816836046044,453.25,425.75,458.75,465.75
2026-07-02 14:00,441.5,444.0,440.75,442.25,3888,738178,440.79687637485983,438.53368130774686,3.25,Bullish,59.98660390718813,1.6447441257906572,453.25,425.75,458.75,465.75
2026-07-02 15:00,442.25,443.75,442.25,443.0,1758,738178,440.99716034078165,438.7088310603842,1.5,Bullish,62.612364579265225,1.6254449090185696,453.25,425.75,458.75,465.75
2026-07-02 16:00,443.0,443.75,442.5,443.5,3307,738178,441.22469121889236,438.8967200384084,1.25,Bullish,64.29456404415991,1.5753855878160938,453.25,425.75,458.75,465.75
2026-07-02 17:00,443.5,444.75,443.5,444.5,3399,738178,441.52244656262945,439.1164565074904,1.25,Bullish,67.44904496882044,1.5320008427739482,453.25,425.75,458.75,465.75
2026-07-02 18:00,444.5,445.0,444.25,444.5,1251,738178,441.7931332387541,439.32757586013787,0.75,Bullish,67.44904496882044,1.4277340637374218,453.25,425.75,458.75,465.75
2026-07-02 19:00,444.75,445.25,443.0,443.0,6310,738178,441.9028483988673,439.4715924930737,2.25,Bullish,58.46359718710926,1.5373695219057657,453.25,425.75,458.75,465.75
2026-07-02 20:00,443.0,446.0,443.0,445.5,30871,738178,442.2298621807885,439.70800063060017,3.0,Bullish,66.47883565864603,1.732386918984997,453.25,425.75,458.75,465.75
2026-07-02 21:00,445.25,445.75,443.75,444.5,17838,738178,442.43623834617136,439.8959221744982,2.0,Bullish,61.37687600369294,1.7680686631203306,453.25,425.75,458.75,465.75
2026-07-02 22:00,444.5,445.25,443.0,443.0,21191,738178,442.4874894056103,440.0176507166748,2.25,Bullish,54.607039364345404,1.8323261747042867,453.25,425.75,458.75,465.75
2026-07-02 23:00,443.25,444.0,441.25,442.0,13785,738178,442.44317218691845,440.09538990425614,2.75,Bullish,50.60005350595829,1.9546826847437153,453.25,425.75,458.75,465.75
2026-07-03 00:00,442.0,442.75,441.0,442.25,15975,738178,442.42561107901673,440.1798844178147,1.75,Bullish,51.55708048237544,1.92739166011122,453.25,425.75,458.75,465.75
2026-07-03 01:00,442.25,442.25,440.5,440.75,20992,738178,442.2732827991061,440.20224189162593,1.75,Bullish,45.82119999822954,1.9037394387630575,453.25,425.75,458.75,465.75
2026-07-06 07:00,444.5,449.25,444.5,448.5,14458,738178,442.83934799918734,440.5276441703857,4.75,Bullish,66.53611815932865,2.783240846927983,453.25,425.75,458.75,465.75
2026-07-06 08:00,448.25,449.75,448.0,449.75,7060,738178,443.4675890901703,440.88930518331176,1.75,Bullish,68.6201200643765,2.645475400670919,453.25,425.75,458.75,465.75
2026-07-06 09:00,449.75,450.0,448.75,449.0,1848,738178,443.9705355365184,441.20737164671135,1.25,Bullish,65.96566327041543,2.4594120139147964,453.25,425.75,458.75,465.75
2026-07-06 10:00,448.75,449.25,448.25,448.75,1562,738178,444.40503230592583,441.5031609938992,1.0,Bullish,65.0621879786909,2.2648237453928237,453.25,425.75,458.75,465.75
2026-07-06 11:00,449.25,450.0,449.25,450.0,2259,738178,444.91366573265987,441.83637036668745,0.75,Bullish,67.46182845372142,2.1295139126737808,453.25,425.75,458.75,465.75
2026-07-06 12:00,449.75,450.0,449.75,449.75,1295,738178,445.3533324842362,442.1467087836801,0.25,Bullish,66.47839343405803,1.8789120576506102,453.25,425.75,458.75,465.75
2026-07-06 13:00,449.75,451.25,449.75,450.5,2519,738178,445.8212113493056,442.47428883137894,1.5,Bullish,67.98615058603255,1.8283904499638621,453.25,425.75,458.75,465.75
2026-07-06 14:00,450.25,453.0,449.75,452.75,6957,738178,446.45110122664147,442.8772578968151,3.25,Bullish,72.04801290004178,2.0179383899686805,453.25,425.75,458.75,465.75
2026-07-06 15:00,452.75,453.75,452.0,453.75,4083,738178,447.11463747876496,443.3036399400773,1.75,Bullish,73.64830069016767,1.98221327130619,453.25,425.75,458.75,465.75
2026-07-06 16:00,453.75,455.0,453.75,454.75,6090,738178,447.80876134433174,443.75251680517226,1.25,Bullish,75.17866631133086,1.8845848351320313,453.25,425.75,458.75,465.75
2026-07-06 17:00,454.75,455.0,454.25,455.0,3705,738178,448.4625103130289,444.1935945775184,0.75,Bullish,75.56078520796395,1.7333068571144272,453.25,425.75,458.75,465.75
2026-07-06 18:00,455.0,455.5,454.5,454.75,4433,738178,449.03410028457165,444.607571260753,1.0,Bullish,74.3284938077866,1.6355326094991702,453.25,425.75,458.75,465.75
2026-07-06 19:00,454.5,455.5,453.0,455.0,12305,738178,449.576454804156,445.0151174858215,2.5,Bullish,74.77158348389963,1.750794928232614,453.25,425.75,458.75,465.75
2026-07-06 20:00,454.75,456.25,453.25,455.75,31189,738178,450.13768618559635,445.4360932706913,3.0,Bullish,76.10409131210903,1.9173556044682658,453.25,425.75,458.75,465.75
2026-07-06 21:00,456.0,457.75,455.25,457.25,29089,738178,450.78426016872396,445.89938373066417,2.5,Bullish,78.5448558884672,1.995041523872497,453.25,425.75,458.75,465.75
2026-07-06 22:00,457.5,458.75,456.0,458.25,25452,738178,451.46296378974904,446.3837216235793,2.75,Bullish,80.01071750020616,2.0957026540228307,453.25,425.75,458.75,465.75
2026-07-06 23:00,458.25,458.25,455.0,456.5,27372,738178,451.9208761724991,446.7804384226546,3.25,Bullish,70.88366717040813,2.2496089668197867,453.25,425.75,458.75,465.75
2026-07-07 00:00,456.5,458.0,455.75,457.75,19911,738178,452.4507965204537,447.2106173080407,2.25,Bullish,73.23247330519995,2.2496611045771484,453.25,425.75,458.75,465.75
2026-07-07 01:00,457.75,458.5,457.25,458.25,19777,738178,452.97799683677613,447.64353427635285,1.25,Bullish,74.13140764136934,2.1163729573001953,453.25,425.75,458.75,465.75
2026-07-07 07:00,456.75,457.25,455.0,456.5,0,738178,453.29817894252375,447.99084665767236,2.25,Bullish,65.8020437620792,2.2675232296601693,453.25,425.75,458.75,465.75
2026-07-07 08:00,456.25,458.5,456.25,458.5,4960,738178,453.7710717659307,448.40297031815584,2.25,Bullish,69.95668956038887,2.2651867990388133,453.25,425.75,458.75,465.75
2026-07-07 09:00,458.5,459.0,457.75,458.0,1807,738178,454.1555197872097,448.7793244233262,1.25,Bullish,67.7409938937206,2.1298285591669717,453.25,425.75,458.75,465.75
2026-07-07 10:00,458.0,458.25,456.5,457.0,705,738178,454.41410889746334,449.1017038577056,1.75,Bullish,63.41498478045591,2.079184751278042,453.25,425.75,458.75,465.75
2026-07-07 11:00,457.0,457.25,456.75,456.75,402,738178,454.62646263405753,449.4016370397564,0.5,Bullish,62.34309794496946,1.8686267844409699,453.25,425.75,458.75,465.75
2026-07-07 12:00,456.75,457.25,456.5,457.25,516,738178,454.8649660309614,449.70941597937383,0.75,Bullish,63.66587434328146,1.7194765465155073,453.25,425.75,458.75,465.75
2026-07-07 13:00,457.5,458.0,455.75,456.0,1623,738178,454.9681509372376,449.95610554881017,2.25,Bullish,58.16503993833217,1.7902130069801063,453.25,425.75,458.75,465.75
2026-07-07 14:00,456.0,459.5,456.0,458.25,4523,738178,455.2665008520342,450.28135631160194,3.5,Bullish,64.16663447801204,2.0181846060494255,453.25,425.75,458.75,465.75
2026-07-07 15:00,458.25,459.0,457.75,458.0,2504,738178,455.5150007745765,450.5840482209509,1.25,Bullish,63.08373813476844,1.9157599919095023,453.25,425.75,458.75,465.75
2026-07-07 16:00,458.0,458.75,457.0,457.75,1536,738178,455.71818252234226,450.8650659377763,1.75,Bullish,61.95768854563973,1.893658659654902,453.25,425.75,458.75,465.75
2026-07-07 17:00,458.0,459.25,457.5,459.0,3379,738178,456.0165295657657,451.1840829598243,1.75,Bullish,65.29352878285644,1.8745041717009152,453.25,425.75,458.75,465.75
2026-07-07 18:00,459.0,461.0,458.75,460.75,9592,738178,456.446845059787,451.55921696139984,2.25,Bullish,69.34615065270589,1.9245702821407933,453.25,425.75,458.75,465.75
2026-07-07 19:00,460.75,461.25,457.75,457.75,11785,738178,456.56531369071547,451.80199276683516,3.5,Bullish,57.04813677369731,2.1346275778553543,453.25,425.75,458.75,465.75
2026-07-07 20:00,457.75,460.5,457.0,457.5,42566,738178,456.6502851733777,452.02544403088086,3.5,Bullish,56.15441980903302,2.316677234141307,453.25,425.75,458.75,465.75
2026-07-07 21:00,457.5,457.75,455.5,456.75,24585,738178,456.6593501576161,452.21072073555223,2.25,Bullish,53.44918146804557,2.3077869362557992,453.25,425.75,458.75,465.75
2026-07-07 22:00,456.5,460.0,456.25,458.5,20930,738178,456.82668196146915,452.4573591380796,3.75,Bullish,58.47588677026557,2.500082011421693,453.25,425.75,458.75,465.75
2026-07-07 23:00,458.75,462.0,458.75,462.0,28449,738178,457.29698360133557,452.831580348351,3.25,Bullish,66.31119942689068,2.6334044098988008,453.25,425.75,458.75,465.75
2026-07-08 00:00,462.0,464.75,462.0,464.0,47304,738178,457.9063487284869,453.2695575895921,2.75,Bullish,69.81611626937459,2.648950488578961,453.25,425.75,458.75,465.75
2026-07-08 01:00,464.0,464.75,463.25,463.5,28407,738178,458.4148624804426,453.67075140960816,1.5,Bullish,67.91383336009847,2.4957570901017663,453.25,425.75,458.75,465.75
2026-07-08 07:00,463.25,463.75,460.5,460.75,0,738178,458.6271477094932,453.94836900138824,3.25,Bullish,58.47652119081766,2.5963228114215307,453.25,425.75,458.75,465.75
2026-07-08 08:00,460.5,462.25,460.5,462.0,1197,738178,458.93377064499384,454.26411923662795,1.75,Bullish,61.121154359797984,2.48347976989866,453.25,425.75,458.75,465.75
2026-07-08 09:00,462.0,463.5,461.75,462.5,1989,738178,459.25797331363077,454.58709495283864,1.75,Bullish,62.15934016047481,2.3856824672455055,453.25,425.75,458.75,465.75
2026-07-08 10:00,462.75,463.0,462.5,463.0,524,738178,459.5981575578461,454.91701279782535,0.5,Bullish,63.21711254520375,2.1342581382794386,453.25,425.75,458.75,465.75
2026-07-08 11:00,463.0,463.0,462.25,462.75,261,738178,459.884688688951,455.2241887665381,0.75,Bullish,62.2796915742723,1.9496903865088469,453.25,425.75,458.75,465.75
2026-07-08 12:00,462.75,463.0,461.5,461.75,694,738178,460.05426244450086,455.48010293255624,1.5,Bullish,58.54031066156551,1.8897316683076673,453.25,425.75,458.75,465.75
2026-07-08 13:00,462.0,462.25,461.75,462.0,1532,738178,460.231147676819,455.7357851704952,0.5,Bullish,59.199848507378974,1.7044341125333116,453.25,425.75,458.75,465.75
2026-07-08 14:00,461.75,464.5,461.5,464.0,3799,738178,460.57377061528996,456.0598720265542,3.0,Bullish,64.11763239124248,1.8771762308622035,453.25,425.75,458.75,465.75
2026-07-08 15:00,463.75,465.75,463.75,464.75,5510,738178,460.9534278320818,456.40066135884626,2.0,Bullish,65.78320270580835,1.8935527334139097,453.25,425.75,458.75,465.75
2026-07-08 16:00,465.0,465.25,463.75,464.5,1892,738178,461.27584348371073,456.71828248202877,1.5,Bullish,64.70504216340908,1.8410790356253885,453.25,425.75,458.75,465.75
2026-07-08 17:00,464.75,464.75,462.75,463.0,3252,738178,461.4325849851915,456.9646243454787,2.0,Bullish,58.508836609812334,1.8622684975420034,453.25,425.75,458.75,465.75
2026-07-08 18:00,463.0,464.0,462.25,463.0,2620,738178,461.57507725926496,457.20130574369523,1.75,Bullish,58.508836609812334,1.847299364536403,453.25,425.75,458.75,465.75
2026-07-08 19:00,463.25,464.5,463.0,463.0,3505,738178,461.70461569024087,457.42870551845226,1.5,Bullish,58.508836609812334,1.800992782598216,453.25,425.75,458.75,465.75
2026-07-08 20:00,462.75,464.75,459.25,459.5,46876,738178,461.50419608203714,457.5099327530228,5.5,Bullish,45.74314041697422,2.294193744918454,453.25,425.75,458.75,465.75
2026-07-08 21:00,459.25,460.0,458.0,458.5,30898,738178,461.23108734730647,457.54875891957096,2.0,Bullish,42.865431386684484,2.2549679122626602,453.25,425.75,458.75,465.75
2026-07-08 22:00,458.5,459.0,457.25,457.75,18156,738178,460.9146248611877,457.5566507266466,1.75,Bullish,40.79267149054232,2.1876388572943055,453.25,425.75,458.75,465.75
2026-07-08 23:00,457.75,458.5,455.75,456.0,22973,738178,460.4678407828979,457.49560560011145,2.75,Bullish,36.37306896289909,2.262620342988398,453.25,425.75,458.75,465.75
2026-07-09 00:00,456.0,457.0,455.5,456.25,16648,738178,460.0844007117254,457.4467583216757,1.5,Bullish,37.41622544590333,2.1609376305899453,453.25,425.75,458.75,465.75
2026-07-09 01:00,456.5,456.75,454.5,454.5,20795,738178,459.57672791975034,457.3311991718061,2.25,Bullish,33.30053738750672,2.1728126131779524,453.25,425.75,458.75,465.75
2026-07-09 07:00,454.75,454.75,452.0,454.0,0,738178,459.06975265431845,457.20056391016664,2.75,Bullish,32.21036600897638,2.2497709314208922,453.25,425.75,458.75,465.75
2026-07-09 08:00,453.75,454.25,453.0,453.5,1045,738178,458.56341150392586,457.05544375682683,1.25,Bullish,31.113442649876475,2.1164681405647734,453.25,425.75,458.75,465.75
2026-07-09 09:00,453.5,453.5,451.75,452.25,824,738178,457.98946500356897,456.86699498204933,1.75,Bullish,28.50034612945531,2.0676057218228037,453.25,425.75,458.75,465.75
2026-07-09 10:00,452.0,452.25,451.0,451.75,2364,738178,457.4222409123354,456.666328512165,1.25,Bullish,27.50524421016057,1.9585916255797633,453.25,425.75,458.75,465.75
2026-07-09 11:00,451.75,452.5,451.75,452.5,141,738178,456.9747644657594,456.50294308031545,0.75,Bullish,31.3757775149693,1.7974460755024617,453.25,425.75,458.75,465.75
2026-07-09 12:00,452.5,452.75,451.75,452.75,602,738178,456.5906949688722,456.35576884187174,1.0,Bullish,32.666284110283755,1.6911199321021335,453.25,425.75,458.75,465.75
2026-07-09 13:00,452.75,453.5,451.5,452.0,3864,738178,456.1733590626111,456.18495437748464,2.0,Bearish,30.79528753308213,1.7323039411551824,453.25,425.75,458.75,465.75
2026-07-09 14:00,452.0,453.25,450.5,450.75,4340,738178,455.68032642055556,455.97181891170095,2.75,Bearish,27.92455367535956,1.8679967490011582,453.25,425.75,458.75,465.75
2026-07-09 15:00,450.75,451.75,450.5,451.25,3066,738178,455.2775694732323,455.78664954261467,1.25,Bearish,30.707098009889137,1.7855971824676706,453.25,425.75,458.75,465.75
2026-07-09 16:00,451.5,451.75,450.75,451.0,1484,738178,454.88869952112026,455.5989377958455,1.0,Bearish,30.08176302589156,1.6808508914719813,453.25,425.75,458.75,465.75
2026-07-09 17:00,451.0,452.75,450.25,452.0,5915,738178,454.62609047374565,455.4578029803221,2.5,Bearish,35.72061075239007,1.7900707726090503,453.25,425.75,458.75,465.75
2026-07-09 18:00,452.0,452.0,450.75,451.25,4574,738178,454.31917315795056,455.29279109874085,1.25,Bearish,33.53608009898137,1.7180613362611772,453.25,425.75,458.75,465.75
2026-07-09 19:00,451.5,453.25,451.0,451.5,4385,738178,454.062884689046,455.14405419290784,2.25,Bearish,34.963847740594545,1.7889864914263536,453.25,425.75,458.75,465.75
2026-07-09 20:00,451.5,454.0,450.25,451.0,31516,738178,453.7844406264054,454.9815422637742,3.75,Bearish,33.41765975097191,2.0504549592361734,453.25,425.75,458.75,465.75
2026-07-09 21:00,451.0,455.5,449.0,454.5,44273,738178,453.84949147855036,454.9626582534301,6.5,Bearish,50.06459743826988,2.6437276313380167,453.25,425.75,458.75,465.75
2026-07-09 22:00,454.5,455.0,452.5,454.75,14608,738178,453.93135588959126,454.9543187140799,2.5,Bearish,51.00684996202887,2.6245639471596145,453.25,425.75,458.75,465.75
2026-07-09 23:00,454.5,454.75,451.0,452.0,17916,738178,453.7557780814466,454.83846307823364,3.75,Bearish,41.68826545357873,2.7746220875383325,453.25,425.75,458.75,465.75
2026-07-10 00:00,452.25,453.0,451.0,451.5,14209,738178,453.5507073467696,454.70754295751857,2.0,Bearish,40.248495553469624,2.6713391425332214,453.25,425.75,458.75,465.75
2026-07-10 01:00,451.5,452.5,451.25,451.75,17377,738178,453.38700667888145,454.59156088075315,1.25,Bearish,41.339384564939145,2.481827256862125,453.25,425.75,458.75,465.75
2026-07-10 07:00,451.0,451.0,450.0,451.0,0,738178,453.1700060717104,454.4507153560177,1.0,Bearish,39.03681861866877,2.384250289280508,453.25,425.75,458.75,465.75
2026-07-10 08:00,451.25,451.5,450.75,451.5,1069,738178,453.01818733791856,454.33500102833074,0.75,Bearish,41.380941290203566,2.166350250709774,453.25,425.75,458.75,465.75
2026-07-10 09:00,451.25,452.75,451.25,452.75,1765,738178,452.99380667083506,454.2728441252589,1.5,Bearish,46.880081634514895,2.0775035506151376,453.25,425.75,458.75,465.75
2026-07-10 10:00,452.5,452.75,452.25,452.5,262,738178,452.9489151553046,454.2033208262292,0.5,Bearish,45.95160427030902,1.8671697438664525,453.25,425.75,458.75,465.75
2026-07-10 11:00,452.75,453.0,452.5,452.5,413,738178,452.9081046866405,454.13652393108293,0.5,Bearish,45.95160427030902,1.684880444684259,453.25,425.75,458.75,465.75
2026-07-10 12:00,452.75,453.25,452.0,452.0,1313,738178,452.82554971512775,454.05273867888366,1.25,Bearish,43.93334660677165,1.6268963853930245,453.25,425.75,458.75,465.75
2026-07-10 13:00,452.0,452.0,450.25,450.5,3587,738178,452.61413610466155,453.91341559343726,1.75,Bearish,38.473905955148425,1.6433102006739546,453.25,425.75,458.75,465.75
2026-07-10 14:00,450.5,450.5,448.0,448.25,7478,738178,452.21739645878324,453.6913208642829,2.5,Bearish,32.04187992267458,1.7575355072507606,453.25,425.75,458.75,465.75
2026-07-10 15:00,448.25,449.25,448.0,448.75,3203,738178,451.90217859889384,453.4975435754875,1.25,Bearish,34.65619602137123,1.6898641062839925,453.25,425.75,458.75,465.75
2026-07-10 16:00,449.0,449.5,448.25,448.25,2431,738178,451.57016236263075,453.29175755291936,1.25,Bearish,33.27755000932072,1.6312155587794603,453.25,425.75,458.75,465.75
2026-07-10 17:00,448.25,449.25,447.5,448.75,2765,738178,451.313783966028,453.11364941358926,1.75,Bearish,36.01855971368837,1.6470534842755324,453.25,425.75,458.75,465.75
2026-07-10 18:00,448.5,449.5,447.5,449.25,3718,738178,451.12616724184363,452.9621337503113,2.0,Bearish,38.729229490201284,1.6941130197054615,453.25,425.75,458.75,465.75
2026-07-10 19:00,449.25,454.0,449.0,453.75,18440,738178,451.3646974925851,452.9930304659854,5.0,Bearish,56.564934325383696,2.1348979504114,453.25,425.75,458.75,465.75
2026-07-10 20:00,454.0,456.25,450.5,452.75,38276,738178,451.4906340841683,452.9834998594762,5.75,Bearish,52.881024708151486,2.6169115570232133,453.25,425.75,458.75,465.75
2026-07-10 21:00,452.75,457.25,452.75,456.0,48757,738178,451.900576440153,453.101793982634,4.5,Bearish,61.6277746353714,2.867990016086785,453.25,425.75,458.75,465.75
2026-07-10 22:00,456.0,456.5,455.5,456.25,2150,738178,452.29597858195723,453.22525304213855,1.0,Bearish,62.208915689644535,2.618924680608547,453.25,425.75,458.75,465.75
