time,open,high,low,close,Duong_V3_20_Chart_R2_FIX11,Volume
1509408000,425,426.25,416.25,418.5,,93958
1509494400,418.75,422,416.5,418,,66275
1509580800,417.5,426.75,417.5,426,,70604
1509667200,427,429,422.25,425.75,,68733
1509930000,427,431.25,427,430.75,,84448
1510016400,430.25,431,424,427.25,,113496
1510102800,427.25,427.5,419,426.75,,94736
1510189200,425.75,432,423.75,429,,155471
1510275600,429.5,434.25,426.75,431.5,,105996
1510534800,432,432,422.25,424.25,,110242
1510621200,424.75,429.5,423.25,428,,93367
1510707600,427.75,428.25,418,420,,76382
1510794000,438.5,441,436.5,438,,56384
1510880400,437.5,444,437.25,443.5,,52688
1511139600,443,443.75,436,438.5,,61192
1511226000,438.5,445,436.5,441.25,,64934
1511312400,441.25,444.5,438.5,440.75,,65245
1511485200,440.25,440.5,431,434.75,,66562
1511744400,434,434.5,427.5,428.25,,79395
1511830800,429,431.25,424.25,429.25,,89074
1511917200,429.25,435.5,429.25,434.75,,89213
1512003600,435.75,439,430.5,433,,100650
1512090000,433,439,432,438.5,,64703
1512349200,439.5,443,434.25,435.25,,58613
1512435600,434.25,436.25,431,432.75,,47407
1512522000,432.25,433.5,424.5,425.25,,64579
1512608400,425.25,425.75,419.5,421.5,,61457
1512694800,421,424.75,417.75,419,,50431
1512954000,418,418.75,410.75,413.5,,76944
1513040400,413.25,418.75,410.5,410.75,,78404
1513126800,411.25,417.25,411,416.75,,54443
1513213200,416.5,420.75,416,418.25,,51997
1513299600,418.75,421.5,415,418.25,,49118
1513558800,420.25,423.5,419.5,420.5,,47968
1513645200,420.5,424,419,419.5,,39615
1513731600,418.75,424.5,416.25,423.5,,54040
1513818000,424,427.5,422.5,427,,44546
1513904400,426.75,429,424.25,424.75,,26982
1514250000,424,426.75,420.75,422.25,,27392
1514336400,422.25,428.25,420.75,428,,36729
1514422800,427.5,428.75,425.25,427.75,,31942
1514509200,426.25,428,424,427,,37219
1514854800,428.25,436.25,428.25,433.5,,71354
1514941200,435.25,437,432,436,,70970
1515027600,435.75,436,431,434,,58728
1515114000,433,433.75,427.5,430.75,,62551
1515373200,430.25,432.25,425.75,427.75,,71822
1515459600,427.75,433.75,425.25,432.25,,63519
1515546000,432.25,435,431.5,434.25,,62125
1515632400,434.25,434.5,428.5,433.25,,73166
1515718800,433.25,436,418.75,420.5,,131033
1516064400,420.25,422.75,413.25,416.5,,83268
1516150800,416.75,423.25,415.5,421.5,,53024
1516237200,422.25,425.75,421.25,425.25,,53107
1516323600,425.25,427.25,421.5,422.75,,39936
1516582800,424.5,427.5,423.25,425.75,,51153
1516669200,423.5,425,419.75,421.5,,57485
1516755600,422.25,433.75,420.75,433,,113542
1516842000,433,438.75,429.5,434.5,,91598
1516928400,435,442.5,434.25,441,,83104
1517187600,443,449.75,443,449.25,,109243
1517274000,454,458.5,449.75,457.25,,130214
1517360400,458.5,458.75,447.5,451.75,,121250
1517446800,451,451.5,443.25,451,,112717
1517533200,449.75,451,445,446.75,,69044
1517792400,443.25,445.75,438.75,440.25,,100967
1517878800,442,447.75,438.75,446.25,,80120
1517965200,449,461.75,447.75,460.5,,149038
1518051600,461.75,464.5,451.25,456.25,,133037
1518138000,454.25,456,448.25,449,,119895
1518397200,452,465,451.5,464,,130177
1518483600,465,467.25,459,460.75,,139468
1518570000,471.25,474,467,469.25,,59530
1518656400,469.25,476.75,465.5,475.25,,61550
1518742800,478,478,470.25,471.5,,42974
1519088400,474,477.25,462,462.5,,81466
1519174800,463.25,465,458.25,459.5,,69299
1519261200,460.25,465,457,464.25,,64676
1519347600,466,469.25,463.75,464.25,,64676
1519606800,469.75,476.75,467.75,472.75,,100763
1519693200,475.25,479,473.5,477,,81343
1519779600,478,499.5,476.5,495,,140220
1519866000,495.5,518,489.5,515.5,,152314
1519952400,514.25,518.5,493.25,500,,135236
1520211600,506.5,510.25,495.25,509.25,,75420
1520298000,506.25,507.75,495.25,507,,87388
1520384400,504.75,509.75,496,497.25,,85079
1520470800,497.25,502.5,490.25,499.25,,91529
1520557200,499.5,499.5,486,489.25,,70713
1520812800,488.5,492.75,483,490.75,,65596
1520899200,490.5,498,484.75,486.5,,85794
1520985600,485.5,490.5,483,488.75,,64369
1521072000,488.75,493.25,476,478.75,,76230
1521158400,478.75,482.25,467,467.75,,83127
1521417600,465,466,450.25,450.75,,109989
1521504000,452.5,457.5,450,453,,92600
1521590400,453.5,454.5,446.75,453.5,,79013
1521676800,453.5,459.75,451.25,455.75,,64101
1521763200,455.25,461.75,446.5,460.25,,78521
1522022400,462.5,463.75,451.25,454.25,,65958
1522108800,454.25,457.5,448.75,449,,57977
1522195200,449.5,452.5,444.5,445.5,,55976
1522281600,447.5,455.75,441.5,451,,89823
1522627200,454.25,457.25,445.75,446.25,,67069
1522713600,448.5,463.5,448.25,457.5,,99826
1522800000,457,461.5,447,455.75,,94458
1522886400,458,466,456.5,464.75,,73154
1522972800,461.5,472.75,459.25,472.25,,76592
1523232000,478,493.75,474.75,490.75,,133935
1523318400,492,494,481.75,492,,130242
1523404800,491,492,483,487.25,,101287
1523491200,483.5,484.75,474.75,481,,80170
1523577600,480.25,481.25,469.5,472.5,,63766
1523836800,466.5,470.25,461.5,462.25,,81262
1523923200,480.25,486.75,477,481.5,,59670
1524009600,481.5,490.5,480.5,489.25,,61694
1524096000,491.75,494,485,490.75,,61810
1524182400,489.75,491,476.25,477.25,,72255
1524441600,478,483.25,472.25,474.5,,87586
1524528000,474.75,485,467.75,484.25,,77718
1524614400,485.25,501.5,484.5,499,,91761
1524700800,498.5,504.25,487.25,489.5,,84507
1524787200,493.25,499,488.75,498.5,,59995
1525046400,500.75,513.25,500.75,510.5,,94965
1525132800,512.5,530,506,529.25,,116477
1525219200,529,534.5,521,526.75,,107530
1525305600,526,538.5,520.5,538,,74654
1525392000,537.25,537.25,523.5,526.25,,81612
1525651200,522.25,524,510.5,511.5,,77871
1525737600,511,520.25,506.75,514.5,,71073
1525824000,515.5,515.75,506.25,510.5,,59787
1525910400,511.25,515,500.25,506.5,,76649
1525996800,502.75,505.25,497,498.75,,55513
1526256000,499,499,490.25,491.25,,66355
1526342400,490.5,496.25,486.25,493.5,,74723
1526428800,493.75,498.75,491,494.25,,56225
1526515200,496,505,495,497.5,,68134
1526601600,497.5,518.75,495.25,518.25,,98776
1526860800,523,525.5,504.25,507.25,,101857
1526947200,505.5,530.25,502.75,521.5,,121340
1527033600,520.75,531.75,517.25,531,,91158
1527120000,531,545.25,529.25,530.25,,136823
1527206400,530,544.75,528.25,543,,86023
1527552000,547.5,554,531.5,536.5,,140350
1527638400,534.75,534.75,516.5,522,,106721
1527724800,522,531.75,515.25,526.25,,86994
1527811200,524.5,528,518.25,523.25,,84217
1528070400,520.25,521.25,503.25,505.25,,104589
1528156800,507,518.75,506,510,,106924
1528243200,509.75,531.25,507.5,519.75,,102300
1528329600,522.25,537,519.25,526.75,,121868
1528416000,528.25,533.5,513.25,520,,128275
1528675200,520,528.25,511.75,514.5,,95718
1528761600,514.75,538.25,510.25,534.5,,145449
1528848000,535,538.75,514.5,516.5,,123831
1528934400,515.75,517,498.25,501.5,,113599
1529020800,515.75,517,487,499.5,,98171
1529280000,509.75,512.5,500.5,501.5,,62501
1529366400,501,501.25,480,489.5,,91721
1529452800,489.5,501,486.5,499.25,,82102
1529539200,500.75,510,493,506.75,,84525
1529625600,506.75,509.5,498.5,504.25,,58137
1529884800,502,503.75,487,490.5,,70395
1529971200,491.5,496,480.25,483,,72866
1530057600,483,492.25,481.75,488.5,,75596
1530144000,487.5,492.75,482.75,483.5,,58313
1530230400,484.5,509,483.25,501.25,,119534
1530489600,501.25,509.75,479.5,480.25,,94635
1530576000,481.25,493,481,491,,0
1530748800,496.5,508.5,496.5,505.5,,74107
1530835200,505,516.25,498.25,515.25,,66725
1531094400,513.75,514,503.5,508,,50299
1531180800,507.5,507.75,488,492,,82254
1531267200,489.75,490.5,471.25,471.75,,88367
1531353600,474.25,488.5,473,484.5,,72578
1531440000,483.5,497.75,481.25,497,,81163
1531699200,495.25,498.5,486.75,488.5,,62009
1531785600,491,504.25,487.75,497.75,,70281
1531872000,498.25,505,493.75,494.5,,54257
1531958400,493.75,505.75,490.25,504.25,,57474
1532044800,503.5,519.75,503,516,,76739
1532304000,518,522.5,512,513.75,,74226
1532390400,511.5,516.25,505.25,510.25,,66279
1532476800,511.5,545.25,511.25,542.75,,145913
1532563200,544.75,553.75,532,536.5,,128991
1532649600,536,542,525.25,530.5,,94998
1532908800,533.5,551.75,532.75,546.5,,72662
1532995200,545.5,565,540.5,553.75,,97008
1533081600,555.25,566,550.75,558.25,,100631
1533168000,559.5,593,559,560.5,,150993
1533254400,563.25,567.75,554,556.25,,78469
1533513600,555,576.25,551.5,574.5,,75848
1533600000,575.25,586.25,564,568.25,,106029
1533686400,569.75,578,564.5,570,,91814
1533772800,570.5,573.75,561.75,564.5,,87215
1533859200,564.75,574,545.75,546.75,,113918
1534118400,546.5,549.75,530.5,533.5,,94158
1534204800,534.75,544.25,532.25,541.75,,58391
1534291200,541,542.75,528.25,532.25,,70666
1534377600,532.5,547.75,531,542.25,,45520
1534464000,542.25,563,535,560.5,,66479
1534723200,581.75,582.5,560,562.5,,63709
1534809600,564.75,564.75,546.5,547.75,,74424
1534896000,547,552.5,540,545.25,,73358
1534982400,550.75,554.5,535.5,541.75,,77644
1535068800,541.75,541.75,535,536.5,,72500
1535328000,536,536,521.75,522.5,,81364
1535414400,523,529,518.5,523.25,,80926
1535500800,523,545,521.25,541.75,,121361
1535587200,544.75,549.5,530,535,,76094
1535673600,536.25,548,535.25,545.5,,0
1536019200,538,542.5,519.5,531.5,,106960
1536105600,531.5,538.25,521.25,521.75,,59341
1536192000,522,524.5,512.5,513.75,,63569
1536278400,513.25,514.5,507.5,511.25,,66924
1536537600,512,529,508.25,528.25,,66033
1536624000,528.5,532.75,517.25,518.75,,57172
1536710400,519,529.25,500.25,506.75,,130565
1536796800,505,510,495.25,497,,87162
1536883200,497,514.25,496,511.5,,86639
1537142400,513.5,517.75,505.5,506.25,,72042
1537228800,506.25,514.25,506.25,510.5,,58176
1537315200,511,523.25,510.5,522.5,,59629
1537401600,523,525.75,516,524,,58421
1537488000,521,524.25,515,521.75,,43332
1537747200,522,531.25,520,527,,55279
1537833600,525.25,525.75,516.25,520.75,,62771
1537920000,521.25,527,516.75,517.5,,46386
1538006400,517.75,522,511.25,513,,58588
1538092800,513,518,505.5,509,,74077
1538352000,510,515.25,505.5,509.5,,69142
1538438400,510.5,524.75,505.25,519.25,,92439
1538524800,521.25,527.25,514.25,515.25,,65957
1538611200,515.75,520.75,513.75,518,,53592
1538697600,518,524.5,517.25,521,,49345
1538956800,524,525.5,512.75,514,,54161
1539043200,513.5,520.5,511.25,515,,47599
1539129600,516.75,518,510.25,510.5,,42673
1539216000,510.75,521,506.5,508,,71251
1539302400,507.75,519,507.25,517.25,,54233
1539561600,518.5,526,514.75,525,,53487
1539648000,525.75,527,521,523.5,,50816
1539734400,524,524.5,516,517.5,,39427
1539820800,516,519.5,511,513,,42084
1539907200,513,518.5,510.75,514.75,,45873
1540166400,514,514.25,507.25,508,,47980
1540252800,508,511.25,505.25,509,,47851
1540339200,510,510.75,496.75,499.5,,76184
1540425600,499.75,499.75,485.5,487.25,,84387
1540512000,487.25,506.75,486.75,505.25,,143195
1540771200,510.25,515,502.75,507.25,,66037
1540857600,505.5,507.5,497,499.75,,69051
1540944000,499.75,501.75,490,500.5,,82416
1541030400,500.5,510,500.5,508,,85216
1541116800,507,509.75,502.75,508.75,,56556
1541379600,511.25,512.25,503.75,507.25,,54254
1541466000,507.25,514,505.5,512,,51325
1541552400,512.5,514.25,507.25,510.25,,70287
1541638800,509.5,517,503.25,507.75,,110059
1541725200,507.5,508,500.75,502,,92760
1541984400,502.5,520.75,501.25,519.75,,115466
1542070800,518.25,520.75,506,507.75,,104436
1542157200,507.75,511,501,503,,80899
1542243600,503,509,503,505.5,,71987
1542330000,513.75,516.75,511.75,515.25,,41778
1542589200,514.75,515.25,503.25,506.5,,56815
1542675600,505.5,509.75,503.75,508.5,,51637
1542762000,508,512,504.75,506.75,,48400
1542934800,509,516,506.5,507.25,,61248
1543194000,510,514.25,509,514,,72501
1543280400,513,516.75,504,506.5,,72734
1543366800,506.5,513.25,505.25,511.5,,64446
1543453200,511.5,514.5,506,507.75,,56266
1543539600,507.75,519.25,507.25,515.75,,68912
1543798800,526,529.5,517,521.25,,63990
1543885200,519.5,523.25,516,522.5,,47968
1543971600,521.75,522,513.5,518,,41692
1544058000,518,518.5,510,515.5,,46278
1544144400,517,532,515.25,531.25,,85245
1544403600,529.75,531,524.5,525.25,,51267
1544490000,525,529,517.5,521,,59815
1544576400,522,528.75,521.75,526.5,,51767
1544662800,527.25,538.5,527.25,536,,78474
1544749200,536,538,527.75,530,,50289
1545008400,531,537.5,530,535.25,,37079
1545094800,534,536,530,532.75,,40246
1545181200,532.75,533,521.5,522.5,,49708
1545267600,524,527.75,521.25,523.5,,45087
1545354000,522,524,512.25,514,,62687
1545613200,512,518,511,516.5,,22528
1545786000,516,520.75,509,510,,32515
1545872400,511.5,513,507.25,510.5,,32657
1545958800,511.75,514,509.5,511.5,,25157
1546218000,512.75,513.5,503,503.25,,41278
1546390800,502.5,510.75,501.25,506.75,,46442
1546477200,506.75,516,506,513.75,,48800
1546563600,513.75,518.75,513,517,,44054
1546822800,518,518.5,513.5,516.75,,41549
1546909200,516.5,524.5,513.75,517.75,,71731
1546995600,519.75,523.75,518.25,520,,57344
1547082000,519.5,520.25,512,513.75,,59321
1547168400,513.75,523.75,512.75,519.5,,73285
1547427600,520,523.5,513.25,514.25,,49124
1547514000,514.75,518.25,508,511,,55274
1547600400,511,516.75,511,512.5,,43239
1547686800,511.5,522.5,509,517.75,,65567
1547773200,519.75,522.75,515.25,517.75,,50525
1548118800,518,526,514.25,521.25,,75782
1548205200,522.5,527,521.75,526,,45101
1548291600,527,529,521,521.5,,50940
1548378000,520.5,523,516.75,520,,51098
1548637200,520.75,523.5,516,518.75,,44012
1548723600,517.75,522,510.75,513.25,,77727
1548810000,513.25,518,511.75,516.75,,46572
1548896400,517.75,520,513.5,516.5,,56309
1548982800,515.75,526.5,515.25,524.25,,83420
1549242000,524.75,529,521.25,525.75,,74705
1549328400,525.25,528.25,520.5,527.25,,73338
1549414800,527,531.25,524.25,526,,73137
1549501200,525.25,525.25,512.5,513.25,,112345
1549587600,514.75,522.25,513.5,517.25,,112341
1549846800,517.25,519,512,518.25,,85556
1549933200,518.5,520.75,514.5,520,,82836
1550019600,519.75,524,518.75,522.25,,74961
1550106000,521.5,522.5,506,507,,103160
1550192400,511.25,512.25,503,507,,72692
1550538000,505.25,508.5,491,492.25,,69519
1550624400,492.25,496,479.75,484.25,,100613
1550710800,484.25,495.25,483.75,491,,84179
1550797200,493,497.5,488.75,491.75,,69665
1551056400,494.5,495,472.25,472.75,,110953
1551142800,473,474.75,463.75,468.25,,101106
1551229200,468.25,475.5,465.25,466.75,,64006
1551315600,468,468.75,457.75,459.5,,64296
1551402000,459.5,461.25,447.25,457.25,,90880
1551661200,457.25,461.25,454.25,455.5,,63265
1551747600,457,464,453,462.75,,54024
1551834000,464.25,464.25,449.25,450,,63242
1551920400,450.75,451.75,437.5,438.25,,86490
1552006800,438,444.25,434.25,439.5,,82395
1552262400,439.5,441.75,427,428.5,,79163
1552348800,428.5,457,427.5,453,,128647
1552435200,454,456,440.25,447.25,,86960
1552521600,447.25,460.75,447,452.75,,82961
1552608000,452.5,463,448.5,462.25,,67723
1552867200,463.25,464,454.5,456.75,,58389
1552953600,458.5,462.5,453.75,456.5,,53498
1553040000,456.75,465,454.75,464.75,,53591
1553126400,464.5,467.5,458,466.5,,62807
1553212800,465.5,473.75,463.75,466,,73007
1553472000,466.5,471.75,463,469.5,,59710
1553558400,470,478,467,469.25,,83738
1553644800,470,471.75,466.5,469.5,,61160
1553731200,468.5,469.25,459.5,464.5,,49566
1553817600,463.75,464.75,452.5,457.75,,72175
1554076800,459.5,468.25,456,462.75,,61267
1554163200,463.5,465.75,456,464,,48157
1554249600,463,472.75,463,471,,61886
1554336000,471,477.5,468,470.75,,70274
1554422400,469,469.5,464.25,467.75,,89210
1554681600,467.25,471,461.75,465.25,,83285
1554768000,462,462.5,456.25,459.5,,89059
1554854400,459,461.75,455.5,458,,65278
1554940800,457,462.5,456.75,460.5,,78538
1555027200,462,465.25,457.5,464.5,,64972
1555286400,463.75,464,457.75,459.5,,79730
1555372800,458.75,460.25,442.25,445,,90378
1555459200,450,453.75,448.25,450.25,,67051
1555545600,450,451.5,443.25,448.25,,59462
1555891200,446.75,448.25,440.75,441.75,,59956
1555977600,441.25,447.5,439,445,,78185
1556064000,444.5,445.75,436,438.5,,66714
1556150400,436.75,443.5,434.5,441.5,,65264
1556236800,439.75,445.75,439.5,442.5,,53347
1556496000,443.25,446.75,433.75,435.25,,72916
1556582400,434.25,435.5,426,428.75,,68801
1556668800,428,437.75,427.75,436,,58077
1556755200,436.75,448.5,435.5,444,,63492
1556841600,445,448,436,438,,47979
1557100800,430,439.5,428,437.25,,46124
1557187200,436.5,442.25,431.25,439.5,,55740
1557273600,440.25,443.5,434.5,439,,48905
1557360000,437.75,438,428,429.5,,54140
1557446400,432,434.25,421.5,424.75,,66092
1557705600,425.5,440.75,418.5,437,,75443
1557792000,441.25,450.75,438,448.5,,66451
1557878400,451.5,464,447,448.75,,85023
1557964800,446.25,468.5,446.25,467,,75268
1558051200,469,473.25,462.5,465,,74170
1558310400,469.75,484,468,478.25,,86583
1558396800,486.25,492.75,474,478.75,,99488
1558483200,475.75,481,468.5,472.75,,65945
1558569600,473,485.5,466.25,470.25,,78862
1558656000,469.75,490.75,467.25,489.5,,74194
1559001600,495,509.25,494.5,504.75,,107854
1559088000,515,521.75,487.5,490.5,,126551
1559174400,488.75,515,482,514.5,,101106
1559260800,514.5,520,500.75,503,,107970
1559520000,505.75,522.75,503,519.75,,92329
1559606400,526,529,501.25,507.25,,116942
1559692800,507,508.5,488.5,490.75,,95346
1559779200,492,514,487.75,510,,126522
1559865600,511,512.75,502,504.5,,95648
1560124800,505.25,508.5,493.25,507.5,,70587
1560211200,504,518.75,500.25,518,,93396
1560297600,519.75,528,513,526.25,,98892
1560384000,526,536.5,524.75,535.5,,80265
1560470400,535.5,544,530.75,538.5,,80190
1560729600,542.75,553,539.5,542.75,,60868
1560816000,542.75,544.25,528,535.5,,56103
1560902400,533.75,535,519,526.75,,73716
1560988800,524.75,534.75,519.75,531.75,,58249
1561075200,532.5,534.75,528.25,530.75,,58849
1561334400,530.75,544.75,526.75,542.5,,67039
1561420800,545,549.5,538.25,540,,75328
1561507200,539.75,547.75,536.25,546.5,,99292
1561593600,547.25,557.25,541.75,546.75,,84424
1561680000,546,554.75,522.5,527.25,,109135
1561939200,530,531,508.5,511.75,,74333
1562025600,511.75,515.75,501.25,503.25,,73244
1562112000,502,514.5,501,514,,41703
1562284800,514,517,505.25,515,,39894
1562544000,518,519,507.25,511,,60682
1562630400,510,511,498.75,502.75,,69446
1562716800,500.25,506.75,498,504.75,,63653
1562803200,505,523,500.25,521.5,,84189
1562889600,521.5,525.75,516.75,523,,60976
1563148800,524.25,531.5,506,507.75,,68193
1563235200,507.75,510,501,507.5,,51260
1563321600,507.25,514,502,505.5,,40000
1563408000,504,505.25,493,493.5,,59023
1563494400,494.75,516.75,492.5,502.5,,67722
1563753600,505.25,505.25,487,487.25,,69561
1563840000,487.75,493.5,483.25,487.25,,57807
1563926400,487.25,498.75,487.25,497.75,,61740
1564012800,497.75,507.5,492.25,499.5,,66902
1564099200,499.5,500.25,493.5,496,,41871
1564358400,495.25,507.25,492.5,503.5,,63097
1564444800,502.25,503.25,495,497.25,,47667
1564531200,497.5,500.5,484.5,487.25,,64057
1564617600,486.75,488.5,471.75,475.75,,79618
1564704000,479.25,491.5,476,490.75,,76637
1564963200,490.25,495,479.25,494.5,,70664
1565049600,493,495.75,482.75,484,,58659
1565136000,484,490.25,477.5,488.25,,69547
1565222400,489.5,502.75,486,498.5,,93527
1565308800,498.25,505.25,496,499.5,,80313
1565568000,500,502,466.5,471.75,,101997
1565654400,471,478.75,465.5,472,,80015
1565740800,474.75,480,471.25,473.75,,54940
1565827200,475.75,477.25,468.5,469,,50555
1565913600,470.25,473,467.25,470.75,,43363
1566172800,475.25,476.75,471,472.5,,52631
1566259200,471,475.75,463.5,466.5,,56375
1566345600,466.5,468.75,461.75,468,,49860
1566432000,468,474.5,466,471.75,,45884
1566518400,471.25,478.5,465.75,477.75,,54997
1566777600,476,481.25,472.75,475.25,,49041
1566864000,474.5,479.75,472.75,476.75,,50570
1566950400,477.25,478.25,468.75,475.25,,52036
1567036800,475,477.5,471.75,472.75,,35366
1567123200,472.75,472.75,459.25,462.5,,89670
1567468800,463,463,450.5,453.5,,77118
1567555200,454,465,454,460.75,,64935
1567641600,460.5,469.5,460.25,466.25,,46422
1567728000,466,466.75,460.25,463.75,,34573
1567987200,461,476,460.25,474.5,,65370
1568073600,475.75,483.5,473.75,482.25,,54835
1568160000,481.5,482.5,475,477.5,,45850
1568246400,479,486,472.5,483.75,,61936
1568332800,485.5,491,480.5,483.5,,51154
1568592000,488,490,482.25,488.75,,48636
1568678400,487.75,487.75,480.75,484.25,,49217
1568764800,484.25,492.5,481.75,489.5,,49975
1568851200,489.25,492,484.5,488,,49573
1568937600,486.5,491.25,483.5,484.25,,39951
1569196800,485,487.5,481.25,483,,28538
1569283200,481.75,484.25,477.5,481.75,,38227
1569369600,481,482.25,476.25,477.25,,34840
1569456000,477,486.75,476.75,484.25,,47412
1569542400,486,490.5,482.5,487.25,,36017
1569801600,488,501,483.25,495.75,,78104
1569888000,496.5,499.25,489.75,498.75,,59419
1569974400,496.5,499,485.25,489,,55278
1570060800,488,493,485.75,488.75,,31835
1570147200,489.25,492.25,486.5,490.5,,28757
1570406400,492,494.5,488.5,489.25,,35058
1570492800,489.75,502.25,486.75,500.25,,58655
1570579200,500.5,504.5,497.25,500.25,,46017
1570665600,499.5,504.25,487.5,493,,68283
1570752000,491.75,512.75,491.25,508,,84743
1571011200,513,515,506.75,511,,52203
1571097600,510,511.25,504.25,507,,38047
1571184000,505.75,514.25,504.5,513.25,,48997
1571270400,514.25,527,512.75,525.5,,66632
1571356800,526,532.75,521,532.25,,56244
1571616000,532,535,522.75,523.5,,53543
1571702400,523,532.25,517.25,518,,52259
1571788800,518,523.75,515.75,520.75,,42796
1571875200,522.5,523.75,515.5,516,,36210
1571961600,517.25,522,514.5,517.75,,40230
1572220800,518,518.5,510,511.75,,50217
1572307200,513,516,508.25,511.5,,51562
1572393600,511.25,514,507,509.25,,35336
1572480000,510,512.25,501,508.75,,63621
1572566400,508.75,516.5,506.75,516,,53598
1572829200,514.25,515.25,508,509.75,,39525
1572915600,511,516,509,515.25,,51553
1573002000,515.5,521.75,513.5,516.75,,62209
1573088400,517.5,519.75,511,512.5,,71045
1573174800,512.5,517.75,505.5,510.25,,79538
1573434000,508,510.5,503.75,505.75,,78285
1573520400,506.25,517.25,505.25,517,,78046
1573606800,516.5,516.75,506.5,509,,72652
1573693200,508.75,512,505.5,507.75,,53537
1573779600,511,511.5,504.75,506,,44695
1574038800,506.5,513.5,501.75,510.75,,58900
1574125200,509.5,518.75,509.25,515.25,,77709
1574211600,515.25,519,511.5,518.75,,45707
1574298000,518,522.75,511,512,,56828
1574384400,512,522,511.25,518.75,,59121
1574643600,518.75,534.75,518.75,533,,97627
1574730000,532.5,532.75,525.75,531,,74316
1574816400,530.75,533.25,526,526.75,,55141
1574989200,530,546,528.5,541.75,,64823
1575248400,542.75,544,534.25,535.25,,69179
1575334800,538,541.25,524.25,525.25,,82267
1575421200,525.25,529.75,522.25,527.5,,46872
1575507600,527.5,530,522.75,523.75,,40864
1575594000,523.75,526.75,519.25,524.5,,44178
1575853200,523.75,526,520.25,522.75,,43599
1575939600,522.75,528,519.25,523.75,,43615
1576026000,523.5,523.5,516.75,519.25,,47524
1576112400,518,534.25,516.25,530.25,,65231
1576198800,533,536.25,525.75,532.5,,65491
1576458000,534.75,556.75,534.75,549.75,,95740
1576544400,553.25,557.25,545,556.25,,68511
1576630800,553.25,555,545.25,548.25,,56331
1576717200,547.5,553.5,544,545.25,,39716
1576803600,545.25,549,538.75,542.25,,44101
1577062800,543,547,538.75,539.5,,33261
1577149200,539.5,545,538.5,541,,21559
1577322000,540.75,552,540.25,549,,30244
1577408400,549.75,561,549.25,556.25,,52110
1577667600,560,564.5,551.5,556,,42485
1577754000,555,559.75,553,558.75,,38466
1577926800,559.5,567.5,558.25,560.25,,49931
1578013200,560.75,562,551.75,554.5,,44180
1578272400,552.5,555.25,546.75,550,,47904
1578358800,549.5,551,545.5,550.25,,41346
1578445200,549.5,555.75,545.25,552.75,,51322
1578531600,553.75,564,552.75,562.25,,66455
1578618000,562.75,568.5,555.75,564.5,,92633
1578877200,565.25,565.75,558.5,562.25,,51064
1578963600,562.25,573,559.25,568.5,,69294
1579050000,569,578.75,568.25,573.25,,78783
1579136400,573.5,573.5,560,565.25,,58192
1579222800,565.5,572.5,564.25,570.5,,54666
1579568400,572.5,582.75,566.75,581.5,,69900
1579654800,581.5,592.5,574.5,577.75,,84471
1579741200,577.75,583,575.25,580.5,,55850
1579827600,581.75,581.75,569.5,573.5,,58501
1580086800,567.75,573.25,559.5,572.25,,78994
1580173200,573,576.5,565.5,569.75,,56857
1580259600,571,573.25,561,562.25,,55030
1580346000,562.5,562.5,550.75,560.5,,77794
1580432400,562.5,566,552.75,553.75,,63922
1580691600,551.25,558,546.5,555.5,,83000
1580778000,554.25,564.25,553.5,557.25,,69486
1580864400,559.25,563.75,555.5,562,,52869
1580950800,563.75,565.5,555.75,556.25,,51963
1581037200,557,563,553.25,558.75,,64891
1581296400,558.75,560.75,551,552,,100463
1581382800,551.5,551.75,539,542,,166632
1581469200,541,549,538.25,547.5,,91895
1581555600,548.5,550.5,540.75,544.25,,85047
1581642000,545.5,548.75,541,541.5,,56400
1581987600,547.25,568.5,546.5,565,,105543
1582074000,560,564,551.5,562.5,,73152
1582160400,562.5,564.75,556.5,559.25,,56296
1582246800,559.25,568.25,551,552,,86875
1582506000,551.5,551.5,532.5,534.75,,101992
1582592400,537,539.5,528.5,537,,75522
1582678800,537,540,532.75,535.75,,60616
1582765200,534.5,535,526.25,527.5,,72565
1582851600,525.5,526.5,512.5,525,,86646
1583110800,520,528.5,516.25,523.25,,77386
1583197200,523.75,534,521,527.25,,72326
1583283600,525.25,526.25,516.75,518.25,,56772
1583370000,520.25,523.75,514.5,518.75,,61927
1583456400,518,520.75,510,515.75,,58506
1583712000,509,522.5,505.75,518.75,,89038
1583798400,520,525,514,522.25,,69063
1583884800,521.75,524.75,511.75,512.75,,58877
1583971200,510.5,510.75,497.25,505.5,,85895
1584057600,505,513.75,499.5,506,,69365
1584316800,503,507.25,491.75,498,,78982
1584403200,496.25,506.5,494.5,499.25,,65543
1584489600,500.75,512,494.5,508.25,,68778
1584576000,508.5,540.5,508.5,535,,103082
1584662400,534.5,547,533,539.25,,71442
1584921600,539.5,563.25,537.25,562.5,,86808
1585008000,560.5,562.5,549.75,561.5,,67261
1585094400,560,583.25,556.75,580,,97558
1585180800,579.5,583,564.5,569,,76661
1585267200,569.5,587,563.5,571.25,,87575
1585526400,572.25,580.75,562.75,569.5,,59620
1585612800,569.75,575.25,564.25,568.75,,66203
1585699200,567.25,571.75,546.5,550.25,,67309
1585785600,550.25,553.25,538.25,541.75,,46926
1585872000,541.75,556.5,541.5,549.25,,44941
1586131200,550,561.75,549.75,555.75,,44545
1586217600,555.25,555.75,545.25,549.25,,67148
1586304000,551,554.5,545,548.25,,57533
1586390400,549.25,558.75,546.75,556.5,,63609
1586736000,560.75,564.5,552.5,555,,53253
1586822400,555.75,556.75,546,548.75,,53925
1586908800,546.5,548.75,529.75,540.25,,67687
1586995200,538.75,545.25,528,529.75,,31461
1587081600,529,535.75,525,533.75,,43714
1587340800,536,561.5,535.5,547.5,,75375
1587427200,550.5,554.75,540.5,546.25,,60051
1587513600,546.75,548.75,537.25,543.75,,52877
1587600000,542.5,552,539,544.75,,57685
1587686400,547.5,549.5,529,530.5,,71750
1587945600,532.5,533,521.25,524.75,,58311
1588032000,526.75,531.75,520.25,526,,47579
1588118400,526,526.25,510.5,516.5,,59885
1588204800,516.5,525.25,506.75,524.25,,67217
1588291200,522.5,522.75,513.75,516.5,,39109
1588550400,510,521.25,505.75,519.5,,63198
1588636800,518,522.75,512.25,520.75,,48146
1588723200,520,521.75,513,517.5,,41049
1588809600,517.25,527,516.5,522.5,,49199
1588896000,519,525,517,522,,35345
1589155200,524,528,516.25,517.25,,50116
1589241600,518,518.25,507.75,514.5,,56300
1589328000,514.25,514.25,500.25,501.75,,58350
1589414400,500,506,496.75,502.25,,44141
1589500800,502.5,508,497.5,500.25,,49768
1589760000,501.5,502.75,493.75,497,,42218
1589846400,496.75,501.5,496.25,498.75,,43782
1589932800,499.5,517.75,496,513.75,,87800
1590019200,515,524,512,516,,75219
1590105600,515,516.25,503.25,508.75,,59252
1590451200,504.25,512.25,504.25,506.75,,48956
1590537600,507.75,511.75,501.25,504.5,,41180
1590624000,505.25,518.75,503.75,514.5,,64133
1590710400,513.5,522.25,511.75,520.75,,56405
1590969600,520,520.75,511.5,515.25,,62138
1591056000,517,517.25,506.75,508,,76980
1591142400,509.75,515.5,506.5,512,,70048
1591228800,512.25,529,512,523.75,,76243
1591315200,526.75,527.75,513.25,515.25,,100263
1591574400,517,517.75,508.5,511.5,,89831
1591660800,512,514,500.75,504.5,,105093
1591747200,505,509.25,502.5,506.25,,77126
1591833600,508.75,509,498.5,499.25,,90884
1591920000,499,504.75,495.25,502,,71166
1592179200,499.75,505.5,497.5,504.75,,51218
1592265600,506.5,507.25,491,496,,67274
1592352000,499.25,500.75,492.75,494,,53376
1592438400,493.75,497,485.75,488.75,,50122
1592524800,487.25,490.5,481,485.25,,62878
1592784000,484.5,490.5,481.75,489.5,,55123
1592870400,489.5,493.25,483.75,491,,56648
1592956800,491.25,492.5,484.5,485.75,,44707
1593043200,483.25,491.75,483.25,488.25,,83437
1593129600,488,489,471,475.75,,96535
1593388800,475.25,491.5,475,486.5,,82163
1593475200,486,498.75,481.25,491.75,,81381
1593561600,492,499.75,489,498.75,,73728
1593648000,498.25,499.25,488.5,492,,39623
1593993600,494,496.5,487.75,493.25,,46446
1594080000,494.25,500,489.75,495.25,,62851
1594166400,495.5,517.5,494.75,516.5,,111164
1594252800,516.5,531.25,515.75,525,,127127
1594339200,524,539,520.5,534,,128543
1594598400,528,535.5,522.25,524.75,,80879
1594684800,523.75,533.5,522.75,526.75,,59738
1594771200,527,551.75,526.75,550.75,,97654
1594857600,550,551.5,534,535.25,,96898
1594944000,535.75,540,530.75,534.75,,52664
1595203200,535,535.25,517,522,,84615
1595289600,520.5,531.5,518.5,527.75,,62298
1595376000,525.75,540.25,523.75,534.5,,59562
1595462400,534.75,536,527,529.5,,46720
1595548800,530.75,544,530,539.5,,63634
1595808000,538.75,539,526.25,527.75,,47270
1595894400,526.5,529.75,519.25,523.5,,51347
1595980800,523.5,533.25,523.5,532.75,,42240
1596067200,531.75,534.5,525,529.5,,47622
1596153600,528.5,535.25,528.5,531.25,,48266
1596412800,527,528.25,517,521,,71428
1596499200,521,521.25,507.75,508.25,,82315
1596585600,508.25,512.75,506,510.75,,67342
1596672000,510.75,515,500.75,501.25,,86498
1596758400,501.25,503.75,490.5,495.5,,93524
1597017600,495.25,497.25,490,491,,76700
1597104000,491,498.75,490.5,495,,83770
1597190400,495.75,498,488,491.25,,90879
1597276800,490,500.75,489,496.75,,82622
1597363200,495.5,507.75,493.5,500,,75823
1597622400,500.5,517.5,500,516.5,,66200
1597708800,526,526.5,512.75,517.5,,72304
1597795200,517,524,515.75,522,,68260
1597881600,522,529.25,515.75,528.5,,64833
1597968000,529,535.5,523.75,535,,75688
1598227200,535.75,540.75,524,527.75,,88962
1598313600,530,542,528,535.5,,82240
1598400000,535.25,540.5,531.5,539.75,,68440
1598486400,539.75,552.25,538.75,550.75,,75525
1598572800,551.25,555.5,547.5,548.75,,76580
1598832000,548.75,560.25,547.25,552.25,,69399
1598918400,550,568.5,548.25,564,,108138
1599004800,565,565.75,554.75,558.25,,71444
1599091200,557.75,561,550.5,553.25,,61855
1599177600,553.5,556.25,546.5,550.25,,45894
1599523200,549,551,542.5,544.25,,64925
1599609600,544.5,549.5,541.5,543.75,,51247
1599696000,543.75,556.75,542.75,548.25,,68381
1599782400,548.25,552.25,539.75,542,,72300
1600041600,542.5,547.75,539.75,545.75,,50141
1600128000,546,547,533.75,538.25,,60557
1600214400,535.5,543,533.25,542,,47771
1600300800,542,557.25,537.25,556.25,,76815
1600387200,555.75,578,555.5,575,,101480
1600646400,576.5,578.25,550.5,554.75,,96691
1600732800,553.5,567,550.25,558,,75824
1600819200,558.5,560.25,547.25,549,,59472
1600905600,548,554.25,541,549.75,,71785
1600992000,552.25,552.5,543.75,544.25,,48637
1601251200,545.25,551.75,537.75,550.25,,60680
1601337600,551,553.25,546,549.5,,45637
1601424000,548.75,587,547,578,,122156
1601510400,574,584,568.5,570.25,,76218
1601596800,569.25,576.5,561.25,573.25,,54242
1601856000,574.5,587.75,573,584.25,,60417
1601942400,585,601.75,579.75,592.75,,83093
1602028800,591.25,611.5,588.5,607.5,,102217
1602115200,608.75,616.75,593.25,595.25,,95298
1602201600,594,606.75,588.75,593.75,,88056
1602460800,592.5,599,587,594.25,,63837
1602547200,596.25,604.25,590.75,594,,56418
1602633600,594.75,600.25,587.25,596.75,,58370
1602720000,596.75,619.5,596.5,618.25,,90299
1602806400,618.5,630.75,615.5,625.25,,90621
1603065600,631,636.75,620.25,627,,86964
1603152000,628.5,638.25,623.5,632,,78897
1603238400,634.5,637.5,628.75,629.75,,61377
1603324800,628.5,632.25,621.25,622.75,,63702
1603411200,623,635.5,619.5,632.75,,64240
1603670400,632.75,633,616,620,,66899
1603756800,618.75,627,614.75,615.75,,63486
1603843200,614.5,614.5,600.75,608.75,,72239
1603929600,609.75,611.25,598.5,603.75,,69893
1604016000,602,607.25,595.25,598.5,,72812
1604278800,593.25,609.5,591,607.5,,75087
1604365200,607,616.5,604,608,,70891
1604451600,607.75,610.5,597.75,606,,66077
1604538000,606.5,626.25,606,609.25,,97072
1604624400,607.75,615.75,601.75,602,,105356
1604883600,602.25,607,595,597.5,,91438
1604970000,597.25,613,594,608.5,,134343
1605056400,607,613.5,595.5,598,,107814
1605142800,596.25,598.75,587,588.25,,91052
1605229200,586.25,596.25,580.25,593.5,,77401
1605488400,602,607.75,593.5,604.75,,66361
1605574800,604.75,609.25,600.25,603,,57227
1605661200,603,611.75,600,606.5,,59833
1605747600,606.75,608.25,597,598.75,,57297
1605834000,597,604.75,596.75,599.5,,72980
1606093200,602,610,601.5,604.5,,70487
1606179600,604.5,618.5,599,617.5,,83622
1606266000,619,622.75,595.25,596.5,,100173
1606438800,600.5,607.75,598.5,606,,72016
1606698000,607.5,609.25,584.25,585,,89949
1606784400,585,589,574,577.25,,90655
1606870800,578.25,592.5,574.75,588.5,,71015
1606957200,588.5,591,579.75,584.5,,50412
1607043600,585,585.5,575.25,575.5,,38935
1607302800,574.25,579.75,565.5,577.5,,52656
1607389200,575.25,577.25,569.25,570,,43910
1607475600,570.5,585,567.25,583.25,,55893
1607562000,586.75,599.5,584,596.5,,74491
1607648400,597.25,619.25,590.25,614.5,,85723
1607907600,618,622,595.75,596.5,,74274
1607994000,597.25,605.75,594.25,599.75,,51418
1608080400,602.25,607.75,589.75,598.5,,56478
1608166800,599.75,610,598.5,608.75,,43431
1608253200,611.5,614.75,604.5,608.25,,42169
1608512400,610.25,615.25,596.5,611.25,,48422
1608598800,615.5,619.75,603,617,,55034
1608685200,615.25,633.75,610.5,629.75,,69513
1608771600,631,633.75,623.5,627,,35656
1609117200,627,631.5,607,614.25,,53532
1609203600,614.25,623.25,611.5,618.5,,35420
1609290000,620,643.5,614,640.75,,71654
1609376400,640,644.5,632.5,640.5,,44927
1609722000,643,650.25,634,642,,66782
1609808400,641.5,664.5,639.5,654,,81173
1609894800,654,660.25,646,647.5,,60850
1609981200,646.75,648.25,638,642.25,,47486
1610067600,644.75,649.5,634,638.75,,56138
1610326800,639,651.5,628.75,634.75,,58069
1610413200,636.25,670,634,665,,80416
1610499600,665,680.75,656.25,660.5,,80724
1610586000,660,673.25,653,670,,63304
1610672400,671,693,664.5,675.5,,77447
1610931600,683.75,691.25,668.75,672.25,,63501
1611104400,675.25,676,656.5,667.75,,66033
1611190800,666.5,674.75,657.75,660.75,,50212
1611277200,658.5,659,633,634.5,,76808
1611536400,633,651.5,624.25,648.5,,64721
1611622800,646.75,667.75,641.25,665.25,,68363
1611709200,663.25,672.75,652.5,658.25,,54190
1611795600,655,664.5,643.5,647,,65434
1611882000,646.25,664.75,643,663,,60153
1612141200,663.5,671,646,651,,55799
1612227600,655,656.75,640.5,644.75,,46873
1612314000,646.25,649.75,625.75,648.25,,77131
1612400400,647.25,650.5,633,637.5,,66019
1612486800,634.75,647.5,632.25,641.25,,78451
1612746000,643,657.5,642.5,655.75,,102705
1612832400,657.75,660.5,639.75,649.5,,124145
1612918800,649.5,650.5,626.75,635.5,,98577
1613005200,636.5,644.75,632,633.5,,79697
1613091600,638.5,647.5,636.75,641.25,,57224
1613350800,651.5,664.25,644.5,661.5,,57494
1613523600,664,665,642.25,648,,64130
1613610000,647.75,668.75,645.25,665.25,,86249
1613696400,667.75,672,653,655.5,,74079
1613955600,658.25,671,655.75,669.75,,54685
1614042000,671,672.5,661.25,670.25,,52734
1614128400,670.5,688.5,668.75,685.5,,72148
1614214800,681.5,686,666.25,675.75,,64118
1614301200,672.25,674,658.25,660.25,,56704
1614560400,662.5,666.75,647.75,650.25,,49408
1614646800,652.75,668.75,645.5,666.25,,61521
1614733200,663,666,650.75,656,,45101
1614819600,654.75,662,647.25,651,,52487
1614906000,651,660.75,646.75,653,,41924
1615165200,659.75,662.75,639.5,646.5,,60979
1615251600,646,657.75,643.75,656.5,,61549
1615338000,656.75,656.75,641.25,652.5,,45997
1615424400,651.5,656,639,642.5,,50095
1615510800,643.75,645.75,637.5,638.5,,34909
1615766400,637.75,647.75,636,645,,40093
1615852800,645.5,648,631.75,647,,51099
1615939200,646.25,649.5,639.25,640,,36147
1616025600,640,641,629,630.5,,47127
1616112000,629,635.5,621.75,627,,51669
1616371200,627.5,630.75,621.25,627.25,,36124
1616457600,628,644.5,621,634.75,,68769
1616544000,635,638.75,624,624.75,,45577
1616630400,624.75,625.5,609,612.5,,60632
1616716800,611,619,608.25,613.25,,45616
1616976000,615.75,617.75,607.25,616.75,,38587
1617062400,616.25,616.75,600.5,601.75,,52667
1617148800,603.25,631.75,593.25,618,,90267
1617235200,623,625.75,601.25,611,,73406
1617321600,607,625,607,618,,52004
1617667200,622,627.5,613.75,615.5,,58043
1617753600,615,619.75,609.75,616.25,,73524
1617840000,618,631.5,616,628.75,,87000
1617926400,628.75,646.5,627.25,638.75,,113072
1618185600,638,639,623,628,,101809
1618272000,630.25,637.25,628.25,629.75,,78362
1618358400,630.75,655.75,630.75,648,,117768
1618444800,647.25,657.75,639,653.75,,61426
1618531200,652.5,659.75,648.25,652.5,,36533
1618790400,655.75,663,652.5,653.75,,48272
1618876800,653,679.5,651.25,661.25,,86077
1618963200,664.25,680,660.5,675,,76254
1619049600,676,715,674.25,710.5,,130978
1619136000,710,715.25,701.25,712.25,,94919
1619395200,714.75,746,714.75,739.5,,116214
1619481600,736.5,769.5,726.5,732.75,,125982
1619568000,733,741.25,711.5,722.75,,102593
1619654400,720.75,733.75,714.25,729,,78280
1619740800,728,736.5,717,734.75,,64385
1620000000,739.75,753.5,713.25,718,,85140
1620086400,722.25,733,716.25,726.75,,62927
1620172800,727,746,718.25,744.5,,55506
1620259200,746.75,755.75,732,753.25,,70253
1620345600,753.25,767.5,745.25,761.75,,62876
1620604800,754,760.75,727.25,730.5,,76543
1620691200,727.75,749,722.75,741.75,,64307
1620777600,745,751.5,724.25,729.75,,59467
1620864000,733.25,734.25,690.75,701.5,,89480
1620950400,706.25,724.25,699.5,707.25,,79497
1621209600,704,707.5,692,699.75,,53086
1621296000,702.5,718.5,692.5,698,,61420
1621382400,698,699,671.5,679.25,,77673
1621468800,682.25,688,672.25,675.25,,55313
1621555200,675.5,677.5,665.75,674.25,,57455
1621814400,667,668.75,653.25,662.25,,57246
1621900800,663.25,667.5,646.75,656.5,,64769
1621987200,657,657.75,639.5,648.5,,59945
1622073600,648.25,679.5,648,676.25,,65470
1622160000,676,679.75,661.25,663.5,,56121
1622408400,673.25,702,672,693.5,,75697
1622592000,692,701.5,681.5,687.5,,65956
1622678400,689.5,699.25,669.25,676.25,,60414
1622764800,678.5,690.25,676.25,687.75,,55839
1623024000,694.25,704,678.5,680,,103023
1623110400,682.5,699.25,680.25,685,,91988
1623196800,685,686,673.5,682.25,,91316
1623283200,684,689.25,672.75,683.75,,103902
1623369600,682.25,688,669.5,680.75,,80622
1623628800,680.5,680.75,657,674.5,,67693
1623715200,674.5,676.25,649,661.5,,68469
1623801600,662,672.75,658.75,662.75,,61563
1623888000,666,670,640.25,643,,63404
1623974400,644.25,671.5,642.5,665.75,,57114
1624233600,662,675.75,649.25,665,,55902
1624320000,670,676.5,654.75,655,,62074
1624406400,657.25,672,657,663.75,,63510
1624492800,662.5,662.5,644.5,652,,68728
1624579200,651.5,658,637,640.75,,63546
1624838400,640.25,659.25,639.25,651.5,,71119
1624924800,657,663.5,644.5,646.25,,71715
1625011200,645.5,681,632.25,679.5,,88625
1625097600,679,694.25,665,665.5,,84152
1625184000,667,673,648.25,652.75,,61108
1625578200,638,638,615.5,626,,91321
1625616000,623.25,634.25,618,622.25,,53500
1625702400,624.25,627.75,616.5,618,,51151
1625788800,619.75,620.75,609.5,615,,50725
1626048000,614.5,645.5,610.25,640.75,,81513
1626134400,640.5,644.75,630.5,633.75,,68198
1626220800,635,657.5,632.5,654.25,,60001
1626307200,653.75,673.5,651.25,672,,56836
1626393600,671.75,696.25,670.75,692.5,,75887
1626652800,702.75,709.5,694.25,697.75,,74215
1626739200,698.75,718,698.25,700.5,,64013
1626825600,701,712,700,710.75,,52745
1626912000,708.25,709,681.75,692.25,,63077
1626998400,688,696.75,677.5,684,,42541
1627257600,684,684,665.5,677,,43684
1627344000,680.25,690,671.75,674.5,,50027
1627430400,675,696.25,673.75,688.75,,49232
1627516800,689.75,706.75,689,705.25,,45524
1627603200,705,711.5,695,703.75,,53644
1627862400,704,731.75,704,729.5,,62786
1627948800,727.5,734.75,717.75,724.5,,73891
1628035200,724.25,738.75,714.5,717.25,,75455
1628121600,714.75,725.5,709.75,712.75,,62604
1628208000,712.75,724.75,709.25,719,,85120
1628467200,719,723.75,708.25,711.25,,84297
1628553600,711,730,708.5,727,,85502
1628640000,726.75,732.25,718.75,727,,98740
1628726400,724,762,723,753.5,,109432
1628812800,753,774.75,747.5,762.25,,87099
1629072000,762.5,770.25,757.75,760.5,,62047
1629158400,762.5,763.75,732.25,734.5,,63610
1629244800,747.5,754.5,735.25,751.25,,50233
1629331200,751,751,730.75,742.75,,55858
1629417600,742.5,747.75,723.5,728.25,,60347
1629676800,726.25,745,724,733.5,,44836
1629763200,737,737.5,724.75,732.25,,58664
1629849600,732.25,734,718.5,725.5,,60002
1629936000,727.25,741,723.25,739.25,,55074
1630022400,740.5,745,731.75,732.5,,64085
1630281600,734.75,743.5,722.25,723.5,,63754
1630368000,723,725.5,707,722.25,,103560
1630454400,723.5,729.5,709,714.25,,67830
1630540800,714.25,721.25,705.5,717,,57676
1630627200,717.25,727.5,712,726.25,,55831
1630875600,724,733.25,714,719.75,,53990
1631059200,720,724,707.5,709.5,,47143
1631145600,711,711.25,691.5,692.25,,67217
1631232000,692,695.75,677,688.5,,69464
1631491200,690,690,679,687,,43600
1631577600,686.75,701.5,685.25,700.75,,55986
1631664000,700,714.75,695.25,712.25,,51075
1631750400,711.25,716.75,705,713,,40246
1631836800,713.75,716,706.5,708.75,,33375
1632096000,708,710.75,695.75,700.75,,37449
1632182400,700.25,701,686,690.25,,43195
1632268800,689.5,706.75,688,705.75,,37475
1632355200,708.5,719.5,704,717.75,,46804
1632441600,718.5,725.75,711.5,723.75,,47318
1632700800,723.5,728.5,720.25,722.25,,32063
1632787200,722,726.75,706,706.5,,54403
1632873600,709.25,717.75,708.25,710.25,,38927
1632960000,711.25,732.75,701.25,725.5,,71326
1633046400,725,758.5,722.75,755.25,,85696
1633305600,752.25,763.5,748.5,756.5,,54746
1633392000,756.25,757,743.75,744.75,,49150
1633478400,744.75,756.75,742.25,746,,44642
1633564800,746,752.5,739.5,741.25,,42606
1633651200,739.25,746.5,731.75,734,,47836
1633910400,734,739.5,731,731.75,,32210
1633996800,731.75,743.75,718,734,,57859
1634083200,736,737.75,712.75,718.75,,57903
1634169600,718.75,729.5,718.5,724.75,,39585
1634256000,725,740.5,722.25,734,,40534
1634515200,734,738.75,728.5,736.25,,31460
1634601600,736,745.25,735.25,736,,37740
1634688000,737,750,736.5,749.25,,35078
1634774400,749.75,752.5,738.25,741.25,,33633
1634860800,743.75,759.5,743.5,756,,52332
1635120000,759.75,767,753.25,759.5,,42579
1635206400,763,765,747.5,752.25,,53537
1635292800,750.5,762.75,745,759.75,,49839
1635379200,760,780,751.5,772.5,,57331
1635465600,773.25,780,763.5,772.75,,48726
1635724800,774.5,800.5,768.25,797.25,,73027
1635811200,798.5,807,789.75,791.5,,65894
1635897600,790.5,796.75,777.5,781,,53180
1635984000,782,794.25,772.25,773.75,,51270
1636070400,774.75,781.5,765.5,766.5,,83637
1636333200,768.25,773,762.5,768,,75813
1636419600,769.25,783.25,764.5,778.5,,81300
1636506000,783,803.75,778,803,,85821
1636592400,803,824.75,798.25,812.5,,107495
1636678800,814.25,826.75,805.5,817,,63147
1636938000,819.75,829.5,813.25,826.25,,57377
1637024400,837.75,837.75,819.5,820,,59420
1637110800,821.75,844,820.5,833,,62894
1637197200,835.5,854,830,830.75,,71044
1637283600,831.75,841.25,823.75,834.25,,54368
1637542800,838.75,859.5,836.75,857.5,,59625
1637629200,857,868.25,849.5,867.5,,50430
1637715600,867.5,874.75,847,850.25,,80016
1637937000,833,845.25,823.25,840.25,,49446
1638147600,853.5,855.25,818.75,822.25,,69517
1638234000,824.25,824.25,782.5,787.25,,87308
1638320400,791.75,799,785.5,790.5,,55934
1638406800,790.25,820.5,789.5,815,,67349
1638493200,818,822.75,796.5,803.75,,58612
1638752400,810.75,812,789.5,806.25,,41088
1638838800,808.5,813.5,797.5,808.5,,35269
1638925200,810,812,790.75,794.5,,38721
1639011600,796,796.5,770.5,776.75,,63021
1639098000,779,788,768,785.25,,36952
1639357200,784.75,794,776,788.75,,39616
1639443600,789.5,792.25,777.5,787,,34152
1639530000,787,787,751,756,,77464
1639616400,757.5,773,751.25,770.5,,50771
1639702800,770,780.25,765.25,775,,38053
1639962000,777.5,778.75,757.75,777.75,,38677
1640048400,778.5,799.75,772.5,799,,46149
1640134800,796.75,817,792,814,,48743
1640221200,812.5,820.5,808.25,814.75,,36615
1640566800,817.5,824,802.5,804,,30210
1640653200,805.75,808,781.75,783.5,,41877
1640739600,785.25,793,774,787.75,,40941
1640826000,789.5,791.75,776,779.75,,29563
1640912400,782.5,787.75,769.5,770.75,,25055
1641171600,774,782.25,752.75,758,,42116
1641258000,758,771.5,756.25,770,,43220
1641344400,771,771.5,756,760.75,,40236
1641430800,761.75,762,736,746,,64426
1641517200,748,760.75,735.5,758.5,,58463
1641776400,760.75,767.5,748,762,,46681
1641862800,761.75,770.5,758.25,770.25,,43837
1641949200,768,770,753.5,757.75,,51640
1642035600,757,757.75,741,746.75,,49455
1642122000,746,747.25,737,741.5,,44592
1642381200,742.25,771.5,741.25,769,,70559
1642554000,772,797.25,769.5,796.5,,68427
1642640400,794,802.75,783.75,790.25,,58576
1642726800,788,791,778,780,,47700
1642986000,794,802.5,775.75,800.5,,58617
1643072400,801,831.5,800.5,818,,76139
1643158800,817.25,817.5,787,795,,73390
1643245200,794.25,795.5,774,777,,60147
1643331600,777.25,793.5,774.75,786.25,,49080
1643590800,793,798.5,756.75,761.25,,71473
1643677200,762.5,776.75,760.5,769,,52159
1643763600,770,778.5,749.25,755,,67578
1643850000,754,756.5,740,751.75,,52592
1643936400,754.75,767.25,748.25,763.25,,50585
1644195600,776,776.5,760,768.75,,81449
1644282000,771.25,782,754,778.75,,99517
1644368400,779.5,788.25,770.5,785,,100108
1644454800,785.5,801.75,765.75,771.5,,95102
1644541200,770.25,806.25,764.75,797.75,,101599
1644800400,809.25,820,787.5,805.5,,52492
1644886800,807.75,808.5,779.5,785.75,,47667
1644973200,785,793,779.5,786.25,,35893
1645059600,786,805.5,781.5,804.75,,55019
1645146000,804.25,818.75,797,804,,55415
1645405200,823.75,854,810.75,852.5,,101329
1645578000,849,888.75,842.75,884.75,,98777
1645664400,891.5,934.75,885.5,934.75,,112029
1645750800,930.25,960.75,859.75,859.75,,108712
1646010000,930.25,934.75,885.5,934,,107828
1646096400,934.5,984,932.25,984,,51215
1646182800,1014,1059,985.25,1059,,103797
1646269200,1071.5,1134,1070,1134,,88004
1646355600,1209,1209,1209,1209,,35941
1646614800,1294,1294,1294,1294,,39528
1646701200,1363.5,1363.5,1164,1286.5,,133198
1646787600,1284.5,1285,1201.5,1201.5,,55905
1646874000,1151,1221.25,1080,1087,,73591
1646960400,1082,1126.25,1043.25,1106.5,,48921
1647216000,1126.25,1148.75,1064,1096.25,,38656
1647302400,1106,1160.75,1088.25,1154.25,,30964
1647388800,1157.25,1159.5,1069.25,1069.25,,37914
1647475200,1051,1108.25,1031.75,1098,,31158
1647561600,1095,1106,1055.75,1063.75,,19393
1647820800,1075,1148.75,1061.75,1119.25,,37035
1647907200,1119.25,1169.25,1102.25,1118.25,,29006
1647993600,1119.25,1139,1101,1105.75,,24464
1648080000,1105.75,1115,1080.5,1085.75,,22420
1648166400,1089.5,1109,1064.75,1102.25,,27912
1648425600,1092.75,1096,1047,1057,,26162
1648512000,1047,1068.25,972,1014.25,,45986
1648598400,1015,1041.75,1002.25,1027.25,,26336
1648684800,1030.25,1075,1003.5,1006,,36848
1648771200,1007.25,1032.75,982.5,984.5,,33853
1649030400,989.5,1014.5,984.75,1010.25,,26349
1649116800,1020.5,1074,1020,1045.25,,26923
1649203200,1049.5,1056.25,1023.5,1038.25,,27905
1649289600,1040.25,1044.5,1017.75,1020,,50501
1649376000,1020,1054.25,1017,1051.5,,47599
1649635200,1056,1091.75,1055,1081.25,,55247
1649721600,1077.75,1117.5,1075,1103.75,,50433
1649808000,1102.5,1124.25,1078,1113.5,,53460
1649894400,1113,1127.5,1094.25,1096.5,,20653
1650240000,1111,1143,1109.25,1128.75,,36326
1650326400,1130.5,1143.5,1105.75,1109,,37432
1650412800,1107,1118.5,1075,1097.5,,39368
1650499200,1103,1103,1061.75,1076.5,,34511
1650585600,1077.25,1085.5,1060.75,1075.25,,33181
1650844800,1081.75,1089.5,1055.75,1072.5,,37728
1650931200,1081,1107,1077,1095,,34264
1651017600,1092.5,1097.5,1078.25,1091.25,,26721
1651104000,1088,1106.5,1081,1085.75,,28927
1651190400,1085,1102.5,1054.25,1055.75,,38162
1651449600,1049,1071.5,1034.25,1055.5,,40743
1651536000,1056.25,1068.75,1044,1045.5,,31317
1651622400,1047,1089,1042.25,1076.5,,44200
1651708800,1079,1121.75,1077.25,1106.5,,47812
1651795200,1102,1127.5,1087.75,1108.5,,39579
1652054400,1120.75,1135,1090,1092.75,,37350
1652140800,1090.25,1107,1083,1092.75,,30020
1652227200,1094.75,1126.5,1094.25,1113,,34004
1652313600,1113,1183,1102.75,1178.75,,55767
1652400000,1172.75,1198.5,1158.5,1177.5,,35248
1652659200,1234.25,1247.5,1222.25,1247.5,,53773
1652745600,1268,1284,1200.75,1277.5,,73671
1652832000,1278.5,1280,1211.5,1230.75,,57090
1652918400,1222,1247.75,1193.5,1200.5,,54778
1653004800,1208,1208,1168,1168.75,,40065
1653264000,1181.75,1196.75,1174.75,1190,,38143
1653350400,1196,1208.75,1138,1154.75,,52749
1653436800,1154.5,1158.5,1114.5,1148.25,,51657
1653523200,1133,1160.25,1115,1143.25,,38507
1653609600,1143.25,1170.25,1133.5,1157.5,,25544
1653868800,1157,1157.25,1087.5,1087.5,,68159
1654041600,1091,1098,1027.25,1041.25,,81448
1654128000,1043.25,1075,1037.25,1058.25,,58137
1654214400,1061.5,1069.25,1036.25,1040,,40835
1654473600,1060,1108.75,1060,1093,,60711
1654560000,1093,1101,1058.5,1071.75,,84918
1654646400,1073,1089,1061.75,1074.75,,68009
1654732800,1076.25,1082,1044.25,1071.25,,70950
1654819200,1074.5,1081.25,1053,1070.75,,62709
1655078400,1073,1093.5,1053.5,1071,,62605
1655164800,1071,1072.75,1046.5,1050.25,,34011
1655251200,1055,1058.75,1036.5,1050,,32823
1655337600,1063.5,1096.5,1060,1090.5,,31896
1655424000,1090,1096,1042.75,1046.75,,35631
1655683200,1046,1046,985.5,987.25,,57056
1655856000,990,1018.5,972.25,988.75,,51781
1655942400,985,987,946.5,949.25,,46898
1656028800,945.75,973,934.25,936.5,,43179
1656288000,933.25,952.25,913.5,917.5,,48106
1656374400,923.5,949.75,921,936,,53518
1656460800,936,956,929,930,,50777
1656547200,930,939.5,881,884,,70148
1656633600,890,896.25,840.5,846,,54111
1657027800,842.25,842.5,804.5,807,,55014
1657065600,807,838.5,785.25,804.5,,57720
1657152000,807.75,846,807.75,836.5,,49291
1657238400,838.25,894.75,838.25,891.5,,51844
1657497600,928.75,940.25,853.75,856.5,,51969
1657584000,855.25,869.5,810,814.25,,50490
1657670400,813.5,840.5,806.75,810.75,,49075
1657756800,812.75,829.5,792,795,,53660
1657843200,798,804.75,765.75,776.75,,44621
1658102400,787.25,825,778.5,812.75,,42326
1658188800,808.5,822.25,792.5,812.25,,45981
1658275200,810.25,843.5,801,819.5,,38891
1658361600,819.5,834,795.5,806.25,,43046
1658448000,803.25,807.25,754,759,,66188
1658707200,787,793.5,760.5,770,,47491
1658793600,773,806,772.25,803.75,,43798
1658880000,802.5,818.75,782,790.25,,41494
1658966400,786.25,824.25,786.25,817,,37417
1659052800,817,845.75,801,807.75,,47268
1659312000,812.75,820.25,781.25,800.25,,41076
1659398400,795,795.75,772.75,774.75,,47230
1659484800,774,790.25,752,763.75,,51385
1659571200,768,789.5,758.25,782.5,,46769
1659657600,782,796.75,769.75,775.75,,51597
1659916800,776.5,793.75,760.75,779.75,,64408
1660003200,785.75,801.25,772.75,781.5,,59015
1660089600,781.5,808.5,780.25,799.75,,68225
1660176000,800,820.75,794.5,810.75,,63667
1660262400,811.25,811.25,782.25,806,,40652
1660521600,802,804.5,778,800.75,,29781
1660608000,799,810.5,782.5,786,,25480
1660694400,785.25,797,759.5,763.25,,29954
1660780800,781.75,783.5,743.25,749,,60666
1660867200,751,773.75,745.25,771,,40655
1661126400,771.25,791.75,762.5,788.25,,44625
1661212800,787.5,819.75,785,800.5,,53387
1661299200,800.5,817.75,792.25,813.25,,48931
1661385600,813.25,821.5,785.75,789,,48165
1661472000,784,812.5,783.25,805.25,,56544
1661731200,806,849,794.25,842.75,,73912
1661817600,840.25,846.25,816.5,820.25,,59308
1661904000,820,839.25,806.25,831.5,,49675
1661990400,828.25,835,791.25,794.25,,57932
1662076800,797.75,819.5,796.25,811,,35504
1662336000,814.75,825,801.25,817,,36892
1662508800,816.75,873.5,809.25,844.25,,84918
1662595200,837,857.25,818,829,,52459
1662681600,829,872.5,826,869.5,,54262
1662940800,864.75,878,848.5,858.75,,60220
1663027200,858,876.25,850.5,860.5,,51520
1663113600,862.5,874.75,849.25,872.25,,45623
1663200000,874,884.75,843.25,845,,52974
1663286400,846.75,866.5,830.75,859.75,,47239
1663545600,857.25,861.25,819.25,830.5,,46375
1663632000,827.75,896.75,825.5,893.75,,72771
1663718400,886.5,919.5,873,903.75,,91297
1663804800,896.5,922.5,891,910.75,,59590
1663891200,908.75,913,876,880.5,,54237
1664150400,877,890.75,854.25,858,,48793
1664236800,857.5,894.5,857,871.5,,48803
1664323200,874.25,905,862,903.25,,51296
1664409600,902.5,914.5,887.75,896.25,,41358
1664496000,899.75,945.75,892.75,921.5,,78137
1664755200,930,938.75,908.5,912,,52399
1664841600,916.25,927,897.5,903,,50521
1664928000,903.25,919.75,894.25,902,,39955
1665014400,905.75,907.75,873.25,879,,46423
1665100800,883.25,896.75,872.5,880.25,,38141
1665360000,895.25,949.75,891.5,938,,77244
1665446400,934,936.75,898,901,,65146
1665532800,902,903.75,876.25,882.25,,44744
1665619200,883.75,906.25,863,892.25,,63574
1665705600,894.25,898.75,857.25,859.75,,45071
1665964800,860,877.75,855.25,861,,42651
1666051200,862,866,832.75,849.5,,46278
1666137600,847,862.75,835.5,841.25,,39811
1666224000,844.5,855.75,836.75,849.25,,34078
1666310400,850.25,863,833,850.75,,41911
1666569600,853.75,856.5,833.5,838.75,,38013
1666656000,840,844.75,826.75,834.75,,40775
1666742400,836.25,846.5,824,840.5,,39250
1666828800,843.5,858,833.5,838.5,,36089
1666915200,839.75,840.25,822.5,829.25,,33954
1667174400,884.5,893.25,853.75,882.25,,98975
1667260800,878.5,904,867.75,902.5,,74354
1667347200,898.5,902,837.75,846,,96131
1667433600,844.75,849,827.75,840.5,,48030
1667520000,842,855.5,834,847.75,,43974
1667782800,851,863.75,834,845.75,,76862
1667869200,847.75,855,824.75,827.75,,72922
1667955600,829.25,834,805.25,806.5,,95226
1668042000,806.75,815.75,795.5,803.5,,77215
1668128400,804.25,819.5,799.5,813.75,,75488
1668387600,813,828.75,804.75,818.5,,45112
1668474000,818.5,843,799.25,828.25,,73685
1668560400,848,854,822.5,837.25,,42865
1668646800,837.25,837.25,814.5,825,,35732
1668733200,825,834,818.75,822,,33902
1668992400,824,827,804.5,818.25,,37878
1669078800,816.5,825,809,810.5,,36917
1669165200,811.75,817,800.25,813.5,,42850
1669251600,809.75,820.25,792.5,797,,34408
1669597200,793.25,796.25,773.25,780.75,,76464
1669683600,780.25,792,777.5,781.5,,51018
1669770000,784,799.25,781.5,795.5,,45182
1669856400,795.25,797.25,780.5,783,,41085
1669942800,782,783,755.75,761,,50916
1670202000,763.25,768,734,739,,51514
1670288400,739,743.5,723.5,729,,52137
1670374800,732.25,756.25,726.25,749.5,,50433
1670461200,749.5,755.5,737.5,746.25,,35604
1670547600,749.75,752.5,730.75,734.25,,32511
1670806800,741.75,760,738.25,754.75,,49826
1670893200,756.5,769.25,749.75,750.75,,49908
1670979600,750,751.75,737.75,749.25,,41587
1671066000,749.75,767,745,757.25,,51207
1671152400,758.25,764.25,750.75,753.5,,32613
1671411600,755,759.75,738.75,748.5,,39778
1671498000,747.25,761.5,744.75,750.5,,38339
1671584400,750,774.5,748.75,767.75,,52904
1671670800,766.75,777,758,762.25,,34649
1671757200,762,778,758,776,,25952
1672102800,781.25,784.5,769,774.5,,28358
1672189200,774.5,787.5,770.75,785.5,,33179
1672275600,785,786.5,765.5,774,,35941
1672362000,775.5,799,771.5,792,,34784
1672707600,786,794.5,769.75,775.5,,50138
1672794000,780.5,780.5,744.25,745.5,,51975
1672880400,746,752,736,746.75,,36793
1672966800,748.5,756.75,742.5,743.5,,28671
1673226000,748,758,740.25,741.5,,45486
1673312400,741.25,742.5,720.5,731,,59339
1673398800,730.25,742.25,724.5,740,,37156
1673485200,739,747.25,723,742.75,,64694
1673571600,743.5,748.5,737.25,743.75,,34226
1673820000,742.5,755.75,728.75,751.75,,48648
1674003600,749,760.25,740.25,742.5,,45150
1674090000,741.75,748.75,733.5,734.5,,39217
1674176400,735,743,727.75,741.5,,35444
1674435600,738,740.5,712.5,720,,63999
1674522000,720.5,739,719.75,734.5,,44243
1674608400,735,746.5,734.75,741.25,,41249
1674694800,741,758,738,752.5,,47206
1674781200,752.25,753.25,744.25,750,,41125
1675040400,753,762.5,743.5,752.5,,43812
1675126800,752.5,766.75,742,761.25,,59637
1675213200,760.75,762.5,744.5,759.75,,60025
1675299600,757.5,770.75,750.5,761,,59106
1675386000,759.75,776.5,750.75,756.75,,72367
1675645200,758,766.5,745.5,750.25,,56431
1675731600,750,757,744.25,749.75,,70662
1675818000,750,766,747.75,764.75,,90201
1675904400,764.75,770.5,754.75,757.25,,75196
1675990800,755,790,755,786,,109946
1676250000,789,796,776,792,,88266
1676336400,799,807.5,794.25,796.75,,60596
1676422800,796.75,798,778.25,780.25,,56909
1676509200,778.5,782.75,773.25,776.25,,35373
1676595600,776.75,781.75,771.25,776.25,,37232
1676844000,777,784.5,761.75,762.75,,67049
1677027600,763.5,766.75,746.75,750,,68504
1677114000,748.5,758.75,747.25,750.5,,65535
1677200400,752.25,753.5,717,721.75,,86161
1677459600,721.75,724,705.75,710,,81173
1677546000,710,715,702.5,705.5,,57464
1677632400,708,714.5,701.75,710,,55837
1677718800,713,721.75,708.5,712.75,,50799
1677805200,714.75,715.5,706.25,708.75,,41608
1678064400,711,711,693.75,695.25,,48629
1678150800,696.5,703.5,689.5,698,,46818
1678237200,698,699.5,684.25,687.5,,58631
1678323600,689,691.5,664.25,665.75,,79762
1678410000,665.75,683.5,661,679.25,,56324
1678665600,682,696,667.25,684.5,,78534
1678752000,683,699.75,677.5,696.25,,57958
1678838400,697.25,706,692.75,702.75,,50727
1678924800,704,704,691.5,699,,43894
1679011200,697.25,712.5,697.25,710.5,,58006
1679270400,708.5,708.5,695.25,700.75,,61276
1679356800,700,705.5,680.25,683.25,,68061
1679443200,682.5,684,654,663.5,,89216
1679529600,663,675.5,657.25,662,,56070
1679616000,660.25,700.5,656.25,688.5,,114498
1679875200,691,706.5,680.25,698,,58958
1679961600,698.5,704.75,691.5,699.75,,51076
1680048000,698.25,724,696.5,704.75,,77189
1680134400,705.25,710,690.25,692.25,,45510
1680220800,692.5,701.25,681,692.25,,58011
1680480000,697,710,691.5,693.5,,51071
1680566400,697,701.5,688,691.5,,44904
1680652800,693,693.25,675,682,,56289
1680739200,682.25,685,671.25,675.5,,55620
1681084800,684.5,687.5,668.25,678.5,,67549
1681171200,680.25,686,666.25,674,,114948
1681257600,673,683.75,673,679.5,,111542
1681344000,680.75,680.75,664.5,667,,91658
1681430400,668.75,685.25,661.25,682.5,,81450
1681689600,695,707.75,685.25,707.25,,74507
1681776000,704.25,717.25,700.5,709.5,,60095
1681862400,709.25,710,692,692.75,,52042
1681948800,695,696,678.25,680,,56696
1682035200,681.25,685.75,669,673,,61307
1682294400,679,682,656.75,657,,74613
1682380800,657,660.5,642.5,653,,85290
1682467200,653.75,657.75,641,642,,63261
1682553600,643.75,645.5,625.5,629.25,,88176
1682640000,630.5,639,624.25,633.75,,61854
1682899200,633.5,635.25,613.75,618.25,,62946
1682985600,620,626.5,607.5,609.25,,64269
1683072000,609.25,642.25,603.75,639.75,,98282
1683158400,642,650.75,629.25,645,,72438
1683244800,646,663.5,643.75,660.25,,70364
1683504000,662,669,652.25,654,,62820
1683590400,653.25,653.75,633,643.5,,59773
1683676800,643.75,647.75,629.75,641.25,,59987
1683763200,640,640.75,625.5,627.25,,53457
1683849600,628,654,626,635,,74154
1684108800,635,663.75,632.5,660.75,,67502
1684195200,661.75,664.25,640,647.5,,62562
1684281600,646.75,654.25,616,625.5,,98456
1684368000,626.25,626.5,605.5,611.75,,59509
1684454400,611,620.75,602,605,,62743
1684713600,607.75,613.75,596.25,606.25,,60942
1684800000,607.5,624.75,594.25,622.25,,57431
1684886400,621,624.5,602.25,606.25,,61465
1684972800,607,616.5,599,604.25,,53306
1685059200,606,618.5,602.5,616,,48350
1685307600,616.75,616.75,588.75,591,,74481
1685491200,591.5,595,573.25,594.25,,73773
1685577600,594.25,617.5,593,610.75,,80028
1685664000,610.25,622.5,602.25,619,,69362
1685923200,621.5,631.5,615.5,624,,69485
1686009600,624.25,648,621.25,627.75,,113883
1686096000,626.5,635.5,613.25,616.75,,89270
1686182400,616,629,611.25,626.25,,98911
1686268800,624.5,632.25,618.5,630.25,,113037
1686528000,629.75,638.75,622.25,633.75,,91968
1686614400,634.5,649.25,626.75,636.25,,106163
1686700800,638,639,625,630.25,,70761
1686787200,629,665.25,628.25,661.5,,72093
1686873600,672,709.5,669.75,701.5,,85155
1687122000,701.5,713.25,689.25,708.75,,68485
1687305600,713,748.75,712.75,748.25,,72233
1687392000,742.5,760.75,739,752.75,,74960
1687478400,750.5,751.25,732.75,746.5,,81324
1687737600,747.5,770.25,733,738.25,,95716
1687824000,739,742,695.5,699,,73256
1687910400,698.5,706.25,667.5,669.75,,70475
1687996800,669.75,678,664.5,667.5,,57733
1688083200,669.25,680.75,646,651,,68030
1688342400,649,655.75,638,641.75,,53440
1688563800,649.75,680,646.25,674.25,,73233
1688601600,673.75,674,651.75,658,,57251
1688688000,656.75,662,643.75,649.5,,48552
1688947200,649.5,660,642.25,646.25,,46427
1689033600,645.25,665.25,644,660.5,,45270
1689120000,658,662.5,632,632.75,,70490
1689206400,633.5,644.75,622,639.75,,63331
1689292800,639.5,663.25,637.75,661.5,,55640
1689552000,666,689.25,651,653.75,,73578
1689638400,649.25,675,642.25,670.75,,54946
1689724800,669,730.75,664,727.75,,148746
1689811200,725,750.75,711.25,727,,136382
1689897600,724.75,733.25,693.5,697.5,,95069
1690156800,702,757.5,698.75,757.5,,96764
1690243200,754.25,777.25,736.5,760.25,,107919
1690329600,757,757.5,709,720,,105761
1690416000,723.25,740,711.75,712.75,,75102
1690502400,714.75,720.25,689,704.25,,74606
1690761600,702.5,703,660.25,665.75,,104577
1690848000,670,675,643.25,652.25,,69422
1690934400,654.5,684,636,640,,90376
1691020800,639.25,648.25,626.25,627,,65703
1691107200,627.75,653.75,627.25,633,,70991
1691366400,646,663.75,636,657.5,,104532
1691452800,657.5,662.25,643,656.25,,81628
1691539200,655.5,658.25,633.5,635,,70504
1691625600,637.25,644,635,637.75,,67426
1691712000,638,639.75,624.25,626.75,,72254
1691971200,632.75,635,605.25,616,,56037
1692057600,618.5,619,595.75,598.5,,52402
1692144000,598.75,607.5,591.5,597.75,,41338
1692230400,599.75,601.25,586.25,589.5,,31435
1692316800,615.25,641.25,615,639,,47725
1692576000,644,646.25,622.75,625.5,,42372
1692662400,625,637,621.25,627.5,,42768
1692748800,629,643.5,624.25,639.75,,42320
1692835200,642.25,642.5,626.5,631.75,,40837
1692921600,632.25,637.75,615.5,621.75,,56651
1693180800,622,628.5,612.5,617,,46802
1693267200,616.5,618.25,599.5,600.5,,68848
1693353600,602.75,610.75,599.5,607,,64121
1693440000,605,615.75,593.5,602,,66515
1693526400,602,612.75,595.25,595.5,,52173
1693774800,598.75,605.75,592.25,599.25,,50088
1693958400,601.25,615.5,599,609,,45236
1694044800,609,613.75,598,599.75,,42727
1694131200,600,602.75,590.5,595.75,,45764
1694390400,597,597.5,580.25,584.5,,50810
1694476800,584.25,591,570,587.5,,64491
1694563200,587.5,601.5,584.75,597.25,,65351
1694649600,595.5,597.75,583.5,593.75,,55236
1694736000,594.25,607.5,591.75,604.25,,65394
1694995200,604,604.25,587,591.25,,64919
1695081600,588,592.75,581,584,,58587
1695168000,585.25,596.25,581.5,588.75,,63637
1695254400,589,590.25,575,575.75,,50330
1695340800,576.5,582.5,572.75,579.5,,45559
1695600000,577,590,573.75,589,,44697
1695686400,589,596.75,583.25,589,,48882
1695772800,589.25,594.5,578.5,579.5,,55807
1695859200,580.5,583.5,575.25,578.75,,43969
1695945600,579.5,585.5,540,541.5,,123780
1696204800,545,567,541.25,564.75,,96364
1696291200,568.25,575,562.75,568.5,,75409
1696377600,567.5,569.75,551.75,560,,66479
1696464000,559.75,580.25,559,578.25,,69807
1696550400,576,580.25,566.5,568.25,,50140
1696809600,573.25,581.5,570,572.75,,46092
1696896000,573.75,574.75,555.5,558.5,,48419
1696982400,559,560.75,551,556,,43895
1697068800,557.25,574.5,547.25,571.5,,83008
1697155200,572,586.25,569.5,579.75,,87479
1697414400,580,588.5,575.25,577.25,,56769
1697500800,577,582.25,568.5,570.5,,53405
1697587200,572.5,584,571.25,580.25,,52739
1697673600,579.75,594.5,576.5,594,,65379
1697760000,594,604.5,583.25,586,,81524
1698019200,586.5,595.25,582,587.25,,48387
1698105600,587.75,588,572.75,580.5,,47630
1698192000,580,586.25,567,568.5,,57951
1698278400,569.25,580.5,563.25,579.5,,72437
1698364800,580.25,582.5,571,575.5,,48608
1698624000,576,577,565.25,566,,60510
1698710400,568.25,568.5,554.5,556.25,,72016
1698796800,557.5,564.75,554.75,561.75,,58783
1698883200,562.25,569.5,557.25,565.5,,53492
1698969600,565.75,574.5,563.75,572.5,,41970
1699232400,573,577.75,566.5,575.75,,68699
1699318800,574,582.25,564.5,570.25,,106304
1699405200,571.5,598.75,570.25,592.25,,144369
1699491600,590,592.5,573,580.75,,85078
1699578000,581.75,583,570.75,575.25,,68735
1699837200,575,582,567.25,579,,80609
1699923600,581,585,570.25,572,,65166
1700010000,572.75,579.25,557,560.5,,83309
1700096400,590.25,590.75,575.25,581,,67925
1700182800,582,585.25,574.5,575.75,,63689
1700442000,575.75,579.75,567.75,570.5,,56489
1700528400,571,584.75,568.75,582.75,,69087
1700614800,584,591.5,583,584.5,,57250
1700836200,582.75,584.5,575,577.25,,45784
1701046800,578.5,582,556.25,561,,97007
1701133200,562,574,557.25,572,,84851
1701219600,573.75,587.5,571.5,585.75,,72626
1701306000,585.75,599,582,598,,78520
1701392400,595.5,610,589,602.75,,72327
1701651600,602,626.5,600.25,620.5,,95896
1701738000,619,636.25,616.25,631.25,,99869
1701824400,630,649.5,625.5,633.5,,113132
1701910800,631.25,645,621.75,642.25,,97744
1701997200,641,645,628.75,631.75,,74699
1702256400,632,633.25,607.25,609.5,,66113
1702342800,609.75,628.75,608.25,625.5,,55336
1702429200,624.25,626.5,602.5,605.25,,57314
1702515600,608,619.5,606.5,615.75,,46870
1702602000,616,630,610.75,629.25,,52711
1702861200,629.75,632,614.75,617,,43591
1702947600,618.25,624.25,611.25,622.75,,42919
1703034000,622.5,625.25,609,610,,39373
1703120400,611.5,617.25,610.25,612.5,,33648
1703206800,612.5,618.25,610.75,616.25,,26134
1703601000,615,639.75,611.5,636.25,,40674
1703638800,636,637.5,619.25,623,,38063
1703725200,624.25,636.25,621.75,631.5,,32254
1703811600,631,633.5,621.5,628,,34752
1704205800,628.75,628.75,604.75,606.75,,61472
1704243600,608,609.75,598.25,600.25,,63996
1704330000,601.5,614.5,591.25,613.5,,63693
1704416400,613,621.5,611.5,616,,43101
1704675600,617,617.25,593,596.25,,70376
1704762000,596,613.75,594,610,,57128
1704848400,610.25,612,603.75,610.75,,40391
1704934800,610,614.75,602,603.75,,38907
1705021200,604,611.75,587.25,596,,82712
1705366800,596,602.25,576.75,582,,61371
1705453200,581.5,595.75,577.75,582.5,,69550
1705539600,583.5,587,573.25,585.5,,50947
1705626000,586.25,598,584.75,593.25,,48393
1705885200,593.5,600.25,587,596.5,,36371
1705971600,596,606.75,593.75,596.5,,42176
1706058000,598,612.25,596.5,610.75,,56703
1706144400,611.5,617.25,606.5,612.25,,54705
1706230800,612,614,592.25,600.25,,69590
1706490000,601.25,601.75,587.5,593.5,,41478
1706576400,593.5,606.75,584.5,605.5,,51993
1706662800,605,605,591.75,595.25,,43147
1706749200,595.25,603,587,601.5,,62577
1706835600,601.5,611.5,595.75,599.75,,66721
1707094800,600,601.75,586.75,590.25,,51236
1707181200,590.5,597.5,588,595,,47583
1707267600,594.75,606.75,590.75,602,,79577
1707354000,601.25,602,583.75,588.5,,78673
1707440400,591.25,605.5,588,596.75,,100815
1707699600,596.25,603,588.5,597.5,,69031
1707786000,597,603.5,592.25,597.5,,82483
1707872400,597.25,597.75,577.5,585.5,,84588
1707958800,583,583.25,566,567.25,,72288
1708045200,567,568.75,555,559,,62158
1708390800,556.75,581.75,553.5,579.25,,76260
1708477200,578.75,580.5,571,578,,54183
1708563600,576,594.25,574.5,579.25,,78002
1708650000,580.25,587.5,568,569,,56961
1708909200,569.75,576.25,560,574.75,,62214
1708995600,573.75,589.5,571.5,584.25,,59222
1709082000,584.25,585,571.5,574.75,,55963
1709168400,576.25,581.5,569,576.25,,51085
1709254800,575,576.75,555.5,557.75,,68452
1709514000,559.25,568,553,564,,45471
1709600400,563.5,565.25,546.25,551,,65812
1709686800,551.5,551.5,529.5,531,,105250
1709773200,533.25,538.75,528,528.5,,95285
1709859600,529.5,542.75,526,537.75,,73290
1710115200,539.5,550.25,523.5,547.25,,81244
1710201600,547,556,541.25,547.5,,62617
1710288000,549.25,554,536.75,544.25,,59143
1710374400,542.75,543,528.25,532.25,,60596
1710460800,532,537.5,526.75,528.5,,40453
1710720000,531.25,544,527,542.75,,57975
1710806400,542.75,553.75,539,552.5,,52072
1710892800,551.75,553,537,545,,52836
1710979200,546,552.5,540.25,546.75,,43716
1711065600,548.5,559.25,539.5,554.75,,58439
1711324800,559,567,549.5,555,,63147
1711411200,555,557.5,542.75,543.5,,39839
1711497600,543.25,549.5,538.5,547.5,,40131
1711584000,546.5,568.5,544.5,560.25,,72671
1711929600,562,562.75,547.25,557,,43697
1712016000,557.5,562.75,543.5,545.25,,64529
1712102400,545,559.75,540.25,556,,58686
1712188800,556,562.5,549.5,556.25,,61299
1712275200,556,574.75,555,567.25,,106580
1712534400,570.25,573.75,559.5,565.75,,90126
1712620800,563,564.25,553.5,557.75,,73159
1712707200,558.5,567.25,555.75,558.5,,68514
1712793600,558,559.75,548.25,551.75,,73571
1712880000,552.5,562.5,549.5,556,,63720
1713139200,555.25,556,544.25,551.75,,46713
1713225600,550.75,557,542.5,549.75,,53008
1713312000,565,570,551,552.25,,57291
1713398400,553.25,559.5,550,553,,54452
1713484800,553,574.75,552.25,566.75,,50746
1713744000,565.75,595.75,565.5,587.5,,107776
1713830400,588,603.5,583.5,602.75,,95163
1713916800,600.75,617,596.25,613,,94397
1714003200,612.5,623.5,612,620.5,,96546
1714089600,620,633.25,616.25,622.25,,102785
1714348800,615.25,623.5,602.5,608.5,,100118
1714435200,605.75,607.25,595.5,603.25,,86577
1714521600,604.25,608.75,593.5,599.25,,64885
1714608000,598.75,615.5,595.5,604.25,,65654
1714694400,603.25,632.5,603,622.5,,96590
1714953600,622,650.25,609.5,648.75,,107311
1715040000,645.75,653.75,636,642.75,,88539
1715126400,642.25,649.25,628.25,634,,70498
1715212800,633,647.5,631.5,637.5,,62479
1715299200,637.25,665.25,637,663.5,,96614
1715558400,662,694.25,654.5,687,,101033
1715644800,686,696,667.75,672.5,,86543
1715731200,674.25,697,662.25,665.75,,89540
1715817600,664.25,681.5,656.75,663.25,,68479
1715904000,662.5,676.5,650.25,651.25,,62410
1716163200,654,691.25,654,688.75,,93314
1716249600,687.5,700.75,682,697.5,,88258
1716336000,697.25,716.75,688.5,693,,89819
1716422400,694,702.5,682.5,698,,68180
1716508800,701.25,706,689,697.25,,70621
1716854400,713,720,693.75,700.25,,73681
1716940800,701.5,706.25,688.5,692.75,,63288
1717027200,692.75,693.75,673.25,681,,68977
1717113600,680.5,691.5,673.75,678.5,,54291
1717372800,678,697.75,667.5,672.75,,84111
1717459200,672.5,681.25,657.75,658.25,,82162
1717545600,659.25,664.25,642.75,646.75,,84832
1717632000,649.75,654,638.25,639.5,,83045
1717718400,639.5,639.5,618.25,627.5,,131164
1717977600,626,627,606.25,607.5,,119712
1718064000,606.75,633,605.5,626.5,,132289
1718150400,626,627.75,610.5,617,,84288
1718236800,614.5,627.25,612.5,620,,77149
1718323200,636.5,638.75,627,628.5,,61720
1718582400,627,627,606.5,608,,58028
1718668800,608,611.25,597,599,,61773
1718841600,600,600.25,583.25,586,,93729
1718928000,586,593.75,574.25,575.75,,89671
1719187200,576.75,579,564.25,571,,81433
1719273600,571,574.5,558.75,560.5,,85876
1719360000,559,572.5,556.75,560.5,,81213
1719446400,560,581.5,558.25,579.5,,89972
1719532800,579.75,586.25,566,573.5,,74338
1719792000,573.5,591.75,567.75,590.25,,76771
1719878400,589,590.25,578.5,581,,53054
1719964800,582,588.5,572.75,574,,43946
1720186200,582.25,592.25,578.5,590.5,,46458
1720396800,589.25,590.75,566,570.5,,61332
1720483200,569.5,578.75,569.25,572,,51191
1720569600,572,572.25,556.25,561.5,,62795
1720656000,561,580.75,559.5,571.25,,72519
1720742400,569.5,571.5,550,550.75,,79921
1721001600,551,552.5,531,532.5,,76571
1721088000,531.25,537.5,525.25,530.75,,63371
1721174400,530.5,546.5,528,539.25,,52555
1721260800,540.75,546.5,533,535.25,,50518
1721347200,534.75,556.25,530.5,542.75,,67049
1721606400,545.25,553.5,540.25,548,,48547
1721692800,547.75,552,540.5,542.75,,41164
1721779200,542.5,555.5,537.25,547,,51655
1721865600,546.75,549.75,536.25,537.75,,44805
1721952000,537,541.25,522,523.5,,56593
1722211200,523.5,532.75,514.25,531,,53527
1722297600,528.75,529.5,517,524,,50329
1722384000,523,534,515.5,527.25,,60814
1722470400,526.75,534.75,519.75,532,,56989
1722556800,532,540.5,528.5,539,,51484
1722816000,540.25,541.5,519.75,539.5,,60219
1722902400,540,548.75,531.5,543.25,,59182
1722988800,544,548.75,534.75,538.25,,79911
1723075200,537.75,544.5,532.5,537.5,,67628
1723161600,537.25,552,536.25,542.5,,82400
1723420800,542.75,547,528,536.75,,84754
1723507200,538,538.25,525,528.75,,67772
1723593600,529.25,537.25,524,534.75,,84253
1723680000,535.75,547.75,527,528.25,,69556
1723766400,527.25,533.5,523.25,530,,52852
1724025600,554.5,554.5,545,552.25,,55412
1724112000,551,559.25,549.5,556.5,,56212
1724198400,557.5,560,543,544,,62326
1724284800,545.25,548,526.25,535.5,,79305
1724371200,536.75,538.25,527,528,,79874
1724630400,531.25,531.75,522,525,,77414
1724716800,524.75,538.5,520.75,535.5,,82483
1724803200,534.25,543.75,533,541.5,,70938
1724889600,540.25,549.5,535,548.75,,61566
1724976000,546.75,553.5,546,551.5,,58075
1725321600,552.25,567.5,544.25,566.75,,79150
1725408000,565,582.75,563.5,580.75,,86307
1725494400,577.75,580.5,566.75,574.75,,68217
1725580800,574,580,565.75,567,,55118
1725840000,565.5,569.75,560.5,568.5,,48300
1725926400,568.75,578.5,565.75,574.25,,51922
1726012800,573,582.25,572,579.25,,45116
1726099200,579,591.75,573.25,578.5,,74095
1726185600,579,598.75,578,594.75,,89761
1726444800,594.75,596,574.25,578.5,,80580
1726531200,578.5,584.25,571.25,575.75,,45713
1726617600,576,582.75,573,575.75,,47041
1726704000,575.75,577.25,564,565.5,,51648
1726790400,566.25,575.75,565.25,568.5,,60486
1727049600,570.5,586.5,569,582.5,,63331
1727136000,581.25,589.25,575.25,578,,52268
1727222400,579,591.25,573.75,589.25,,52959
1727308800,590.5,596.25,582.75,584.25,,69058
1727395200,583,583.5,575.5,580,,46189
1727654400,579.75,590.75,575.5,584,,58874
1727740800,584,602.5,577,599,,84582
1727827200,596.25,617.25,596.25,615.25,,116431
1727913600,614.25,617.25,601.25,603.5,,78992
1728000000,603.75,604.25,587,589.75,,76333
1728259200,590.25,595.25,584,592.5,,55580
1728345600,593.75,599,587.5,594.75,,59037
1728432000,594.75,604.75,594.25,599,,55193
1728518400,600.75,609.25,598.5,603.75,,60990
1728604800,603.75,611.25,592.5,599,,75587
1728864000,598.5,601,584.25,585.25,,55970
1728950400,585.5,586.75,578,579.5,,69756
1729036800,581.25,587.5,575.25,585,,57508
1729123200,584.25,591.75,576.25,589.5,,75298
1729209600,590,595.5,570.25,572.75,,82026
1729468800,572.75,584.25,570.75,572.25,,74088
1729555200,574,578.75,565.75,576,,49868
1729641600,575.75,582.75,566.25,578.5,,57247
1729728000,579,584.25,575,581.5,,49883
1729814400,581.25,585.5,566,569,,75987
1730073600,564.25,571.5,557.75,558.75,,61302
1730160000,559,572.75,558,570.5,,67415
1730246400,571.25,580.5,564,573.25,,68179
1730332800,572.75,573.75,563.5,570.5,,61593
1730419200,571.5,577.75,564.25,568,,54164
1730682000,569,575.75,565,568.75,,55475
1730768400,569.5,574.5,565.25,572.5,,58641
1730854800,571,577.75,562,573.25,,67945
1730941200,574.5,579.5,565,571.5,,105864
1731027600,572.5,578.75,566.5,572.5,,112145
1731286800,572.75,572.75,551.75,565.5,,125709
1731373200,564.75,568.75,549,552.25,,105727
1731459600,553.25,553.75,536.25,541,,113238
1731546000,540,544.25,528,530.25,,89913
1731632400,550,559,549,554,,71836
1731891600,558.25,569.25,554.25,565.75,,71372
1731978000,566.5,575.75,563.5,567.75,,65946
1732064400,567.5,574.5,562.25,572.25,,60806
1732150800,572.75,577.5,568.5,569.5,,58947
1732237200,570.25,571.25,562.5,564.75,,61527
1732496400,565,568.5,550.75,555.75,,82115
1732582800,556,564.5,553.25,558,,78151
1732669200,557,558,547.5,548.5,,75023
1732890600,547,553.25,543,548,,47678
1733101200,548,552.5,542.75,547.25,,53005
1733187600,547.75,556.5,545.75,547.5,,49702
1733274000,548.75,549.75,540.25,548.25,,52606
1733360400,547.75,560.5,545.75,558.25,,54473
1733446800,558,560.5,553.25,557.25,,55782
1733706000,556.75,564.75,553.75,558.75,,49713
1733792400,558.5,563.5,553.75,561.75,,50264
1733878800,561.75,569.25,560.5,563.25,,55240
1733965200,563.75,566.25,556.25,558.5,,52473
1734051600,558.75,561,551.25,552.25,,49134
1734310800,552.25,559.25,548.5,550,,68005
1734397200,550.75,552.5,542.5,545,,72661
1734483600,545,554.25,540,541.25,,63252
1734570000,541,541.75,530.5,533,,87290
1734656400,532.5,537.25,529.25,533,,55084
1734915600,533,544,533,540.5,,57507
1735002000,539.5,541.5,533.5,534.75,,25215
1735223400,534.75,544,533.75,541,,28461
1735261200,542,547.75,537.25,546.5,,43052
1735520400,547.25,554.75,544.5,548.25,,46874
1735606800,548.75,552.75,546.75,551.5,,33827
1735828200,551.75,552.75,542.5,545.75,,44332
1735866000,545.5,547,527.5,529.25,,87535
1736125200,530.25,543.75,530.25,540.5,,64942
1736211600,540.5,544.25,535.25,542.5,,46902
1736298000,542.75,544.75,534.5,536.25,,58097
1736384400,535.5,539.25,529.25,534,,45711
1736470800,533,541.25,526,530.75,,104604
1736730000,530.5,545.75,528.5,545,,84277
1736816400,546.25,552.25,542.75,546.25,,70102
1736902800,546.75,551.5,542,547,,56045
1736989200,547,547,536.75,537.5,,52990
1737075600,537.5,542,533.25,538.75,,50291
1737421200,542,561.75,542,558.75,,112879
1737507600,558.5,566.75,551.5,554,,91512
1737594000,554,559,548,554,,64143
1737680400,550,552.25,541.25,544,,81676
1737939600,543,543,532,535.5,,68354
1738026000,535.75,548.5,533.5,545.25,,77116
1738112400,544.5,564.75,544.5,562.5,,90600
1738198800,560.75,569.75,559,566.5,,96799
1738285200,569,569,551.75,559.5,,87916
1738544400,555,573.75,550.5,566.75,,90750
1738630800,566.5,579,558,577,,89542
1738717200,577.25,584.25,569.5,572.25,,108673
1738803600,572.25,588.75,566.5,587.75,,109406
1738890000,587.75,592.5,579.75,582.75,,106334
1739149200,581.25,586,576.25,579.5,,105426
1739235600,579,588,575.75,577,,110234
1739322000,576.25,584.5,572.75,574.25,,113048
1739408400,574,581,571.5,577.75,,91309
1739494800,591.5,616.5,591.25,613.5,,83063
1739840400,612,621.75,606.5,617.75,,95074
1739926800,617.75,621.25,603.5,606.5,,77008
1740013200,607,609.75,598.25,600.25,,56780
1740099600,600,608,599.75,604,,60211
1740358800,603.75,604,589.25,593.5,,73404
1740445200,593.75,595.75,579.5,587.75,,84449
1740531600,588.75,592.75,577.5,579.75,,75490
1740618000,579.25,580.25,560,562.5,,87517
1740704400,563,570.25,555,555.75,,74060
1740963600,557.5,563.5,545.25,547.75,,89699
1741050000,547.75,551.75,530,536.75,,112381
1741136400,539,551,537,548.25,,84227
1741222800,550.25,562,544.75,554,,84193
1741309200,554,555.5,544.5,551.25,,62471
1741564800,554.25,566,553.25,562.5,,74007
1741651200,562,563,555.5,556.75,,51176
1741737600,557.5,561.5,546.5,554,,70697
1741824000,555.75,566.75,554.75,562.5,,76176
1741910400,562,565,555.25,557,,60916
1742169600,559,575.25,559,568.5,,78721
1742256000,568.75,574.75,563.5,565,,64451
1742342400,564.25,568.5,558,563.5,,62175
1742428800,565.25,568,552.25,557.25,,62329
1742515200,557.75,563,553.25,558.25,,47008
1742774400,561.25,563,545.25,548.25,,53647
1742860800,548,549.5,541,543.25,,57054
1742947200,544,545.75,535,535.25,,57623
1743033600,536.25,537.25,526.5,532,,81818
1743120000,531.75,533,517.5,528.25,,81818
1743379200,529.5,539.25,523.5,537,,83018
1743465600,539,544,533.25,540.5,,62409
1743552000,541.75,543,532.5,539.25,,58991
1743638400,526.75,542,525.25,536,,82626
1743724800,536.75,539.5,520.5,529,,70109
1743984000,530.75,546.5,525.75,536.5,,82626
1744070400,537.5,545.75,533.75,540,,96849
1744156800,539.75,546,536.5,542.25,,92716
1744243200,543.75,547.5,534.5,538,,112107
1744329600,537.5,556.75,536.5,555.75,,109364
1744588800,553,555.25,542.75,547.5,,123039
1744675200,547.5,551,540.25,542,,78608
1744761600,556.5,564.5,550.75,561,,68274
1744848000,562,569.25,561.25,562.25,,52316
1745193600,562,566.5,551.25,552.25,,52316
1745280000,554.25,555.25,545.5,550.25,,41091
1745366400,550.75,552.25,543,543.5,,62532
1745452800,545,545.5,539.25,544.5,,61550
1745539200,545.25,549.75,542.5,545,,51211
1745798400,544,544,527.25,531,,54385
1745884800,533,537,523.75,525.5,,99543
1745971200,526.25,539.75,523.25,530.75,,77071
1746057600,532.5,537.75,528.5,531,,52007
1746144000,530.75,546.75,530.5,543,,62387
1746403200,545.25,548,530.75,531.25,,67575
1746489600,533.25,538.75,528.25,536,,63841
1746576000,536,545,533,534.25,,54826
1746662400,532.5,538.5,525.5,529.25,,53543
1746748800,531.5,533.75,520.75,521.75,,54210
1747008000,525.25,528.25,514,515.25,,57368
1747094400,514.5,520,506.25,517.25,,73095
1747180800,518.25,525.5,510.75,524.75,,78081
1747267200,524.5,533.25,521.75,532.75,,69748
1747353600,533.5,533.5,523.5,525,,46575
1747612800,527,536,524.5,529,,49356
1747699200,530,547.5,528.75,546,,64286
1747785600,546,556.25,545,549.25,,86585
1747872000,548.25,552,541.25,544.5,,85214
1747958400,545,548.5,538.5,542.5,,51963
1748304000,543.5,544,527.5,528.5,,66898
1748390400,531,535.75,526.75,530.25,,60152
1748476800,533,534.75,527.25,534,,48247
1748563200,534.25,538.5,531.25,534,,49023
1748822400,534,549.5,533.25,539,,82568
1748908800,538,545.5,531.75,536,,80640
1748995200,535.5,547.5,533.5,543.25,,73113
1749081600,543.5,549.25,540.5,545.5,,97197
1749168000,545.25,555.75,540.25,554.75,,97197
1749427200,556,557.75,540,542,,94437
1749513600,540,542,530.75,534.5,,90158
1749600000,535,539.25,532,534.25,,72453
1749686400,534.25,537,526,526.5,,93654
1749772800,526.75,544.75,522.25,543.75,,97069
1750032000,559.25,562.75,547.25,552.25,,66457
1750118400,552.75,568.25,552.75,565.5,,66629
1750204800,565,591,563.5,590.5,,70463
1750377600,589.25,594,582,583.5,,77093
1750636800,583,585.75,566.25,569.5,,95614
1750723200,569.5,569.5,551.5,552,,91115
1750809600,551.75,553.5,542.5,544.5,,68313
1750896000,543.75,547.75,536.25,536.75,,73662
1750982400,537,545.25,536.5,540.75,,59264
1751241600,540.25,545.25,534.75,538.25,,65967
1751328000,537.25,550.25,535.75,549,,96790
1751414400,549.75,565.5,544.75,564,,86572
1751500800,563,568.75,556.25,556.75,,77292
1751846400,553,553.75,541.5,548.5,,65505
1751932800,548.5,550,542,547.75,,57565
1752019200,547,551.25,541.75,547,,46110
1752105600,547,555.5,541,554.5,,52217
1752192000,554.5,557.5,544,545,,67749
1752451200,543,551.5,538.5,541.5,,49224
1752537600,541.5,545.25,535.5,538,,56165
1752624000,538.25,543.5,533.5,541.25,,59091
1752710400,541,542.75,532,533.5,,55433
1752796800,533.5,550.25,533,546.25,,76794
1753056000,546,549.5,541,542.25,,43970
1753142400,541.75,552.75,536.75,549.5,,62596
1753228800,548.25,552.25,540,540.5,,49135
1753315200,540.75,546,535,541.5,,56771
1753401600,541,544,534,538.25,,37484
1753660800,536.5,540,532.25,538.5,,45184
1753747200,538.25,539,526,529.75,,68462
1753833600,529.75,532,523.25,523.75,,64991
1753920000,523.25,525.75,516.75,523.25,,77077
1754006400,523,526,516.25,516.75,,62480
1754265600,517.5,523,513,516.75,,71053
1754352000,516.75,517.5,507,508.25,,67614
1754438400,508.25,509.5,504,508.5,,65192
1754524800,508.5,520,508.5,518.25,,69082
1754611200,518,521.75,513.75,514.5,,78246
1754870400,516.5,523.25,513.25,515,,87297
1754956800,514.25,515,503.25,505,,116430
1755043200,505,510.75,502.25,507.25,,78660
1755129600,506.25,508.75,500.75,503.5,,71519
1755216000,504,508.25,502.25,506.5,,57726
1755475200,526.5,530,521.75,525,,80760
1755561600,525,525,519.5,521.25,,71071
1755648000,521,530.75,517.25,528.25,,94302
1755734400,529,534.25,525.25,529.75,,96779
1755820800,529.25,532,526.5,527.25,,72516
1756080000,527.75,535.5,526.75,529.75,,70073
1756166400,529.75,534.5,527,531.75,,71017
1756252800,531.25,532.75,523.25,524.25,,82271
1756339200,524.25,530,520.25,529,,68521
1756425600,529,534.75,527,534.25,,0
1756771200,530.5,532,522.25,528.25,,83344
1756857600,528.25,530,521.75,522,,62621
1756944000,522,522.5,514.5,519.5,,70089
1757030400,520.25,523.5,518,519.25,,41620
1757289600,519,524.5,516.25,523.75,,50598
1757376000,524,525,519.25,520.25,,34316
1757462400,520,522.25,514.75,515,,36825
1757548800,515.25,522.25,512,521.5,,64473
1757635200,520.75,524,515.25,523.5,,55282
1757894400,522.75,529.25,520.25,525,,55496
1757980800,525,534.5,524,534,,46736
1758067200,533.5,535.75,526,528.25,,49323
1758153600,528.25,532.25,523,524.25,,39926
1758240000,525,526.75,520.25,522.5,,45048
1758499200,522.25,523,508.5,510.75,,86785
1758585600,511,521,507.25,520.5,,71968
1758672000,520.5,524.5,519,519.5,,53328
1758758400,520.5,527.5,518.25,527,,56448
1758844800,526.25,527.75,518.75,519.75,,52731
1759104000,519,522.5,516.75,519.5,,44889
1759190400,519.5,519.75,506.75,508,,85752
1759276800,508,510.25,502,509.25,,82924
1759363200,509,516,508.25,514.75,,57218
1759449600,514,518.5,512.75,515.25,,47455
1759708800,515.25,518.25,512,512.75,,49990
1759795200,513,514.25,505.75,506.75,,53564
1759881600,507,508.75,503.75,507.25,,44067
1759968000,508,513.5,506.5,506.5,,79086
1760054400,508.5,509.5,496.75,498.5,,63513
1760313600,499.25,501.75,494.5,496.75,,63513
1760400000,498.5,501.75,492.25,500.25,,65741
1760486400,501,501.25,494.75,498.75,,57004
1760572800,500,503.75,495.25,502.5,,53290
1760659200,502.25,505,500.25,503.75,,38177
1760918400,505,507.25,502,504.75,,37582
1761004800,504.75,506.25,498,500.25,,41036
1761091200,501.75,505.5,498.25,503.75,,45473
1761177600,504.75,513.5,502.5,513,,59008
1761264000,512,515.5,509.75,512.5,,59008
1761523200,517,530.5,516.75,526,,109465
1761609600,524,535,524,529,,105303
1761696000,528.5,533.75,526.75,532.25,,90090
1761782400,533.25,535.5,520.25,524.25,,101549
1761868800,524.25,534.25,517.25,534,,106899
1762131600,534,545,531.25,543.5,,149454
1762218000,542.75,550.5,539.75,550.25,,116421
1762304400,549.5,555,546.25,554.75,,69084
1762390800,552.75,554.5,534.5,535.5,,127657
1762477200,535.5,537.5,526.25,527.75,,127657
1762736400,528,537.25,527.5,535.75,,92410
1762822800,535.75,539,531.25,536,,80355
1762909200,536,536.75,527.5,536,,95686
1762995600,536.25,539.25,530.75,535.75,,92763
1763082000,552.25,558.75,539.5,541.5,,93881
1763341200,541,559.75,540.5,558.5,,91649
1763427600,558,563.25,554.5,559,,75638
1763514000,558.75,562.5,548.5,549.5,,68039
1763600400,549.25,555.25,539.75,540.75,,69724
1763686800,541.5,545,535.75,539.75,,69724
1763946000,540.75,541.75,531.75,534.75,,61424
1764032400,534.75,540.5,532.5,539.25,,69580
1764118800,538.5,544.75,535.75,540.5,,72214
1764340200,540.5,542.75,534.75,538.5,,21887
1764550800,539,541.75,532.5,535,,61051
1764637200,535,544.5,529.75,541,,75307
1764723600,541,542.5,537.25,538.25,,46731
1764810000,538.75,541.75,531.5,540.25,,57135
1764896400,539.75,541.75,534.25,535.75,,47385
1765155600,535.25,540,532.5,534.75,,49765
1765242000,535.5,537.75,531.25,534.5,,54303
1765328400,534,535,525.25,529.5,,68625
1765414800,529.75,534.75,529.25,533.5,,67353
1765501200,534.75,536,529,529.25,,48692
1765760400,529.5,529.5,519.5,520.75,,79494
1765846800,521,522.25,507.5,509.5,,116616
1765933200,510.75,511.5,504,506.25,,93081
1766019600,507.75,510.75,505.5,507.75,,82031
1766106000,507.75,511.25,505.5,509.75,,58220
1766365200,511,518.25,510,515.5,,39997
1766451600,514.25,518.75,513.75,517,,32999
1766538000,518.5,525,518,521.75,,28043
1766759400,522.5,524.5,517,519,,38020
1766970000,518,521,512,513,,43201
1767056400,512.75,515.5,510,510.75,,40225
1767142800,510.25,512,506,507,,40225
1767364200,506.5,508.5,501.5,506.5,,59096
1767574800,507.25,514.5,505.75,512.5,,65960
1767661200,512.75,515,510,510.5,,53561
1767747600,510.5,520.25,509.25,518,,74479
1767834000,518.75,522.75,515.75,518,,70497
1767920400,519.75,521.25,513.75,517.25,,56772
1768179600,517.25,528,507,511.25,,109417
1768266000,512.25,513.75,507,510.5,,68026
1768352400,512,514.5,508,512.5,,58151
1768438800,512.5,517.25,509.75,510.5,,49930
1768525200,511,521,510.25,518,,53423
1768870800,518.25,520.25,509.5,510.25,,65161
1768957200,510.75,516.75,507,507.75,,56709
1769043600,508.25,517,507.75,515.5,,50973
1769130000,515,530.5,514.75,529.5,,85085
1769389200,532,533.25,521.5,522.5,,74528
1769475600,522.5,525.5,519.25,523.25,,62546
1769562000,523.25,541.25,523,536,,121762
1769648400,536,544.25,533.75,541.5,,91934
1769734800,541.25,544.75,533.5,538,,87410
1769994000,539.5,540,525.75,527.75,,85993
1770080400,528.25,531,525,528.75,,61674
1770166800,529.25,531.75,522.25,526.75,,78497
1770253200,527,536.5,522.75,535.25,,104156
1770339600,534.75,539.25,527.5,529.75,,104156
1770598800,530.5,531.5,525.5,528.75,,84945
1770685200,527.25,531.25,524.5,528.25,,96739
1770771600,529.75,540,528,537.25,,138467
1770858000,537.25,553.5,536,552.5,,159021
1770944400,558.25,558.75,548,548.5,,155406
1771290000,548,548,538.75,542.5,,160762
1771376400,542.5,554,542.25,552.5,,121245
1771462800,552,570,550.5,566.75,,128972
1771549200,567.5,582,564.5,580.25,,119375
1771808400,578,583.5,573,573.75,,128972
1771894800,574,579,570.25,573.25,,101351
1771981200,572.25,575.75,563.5,569.75,,79007
1772067600,569.75,575.75,567.75,574.5,,72754
1772154000,574,597,573.25,591.5,,104732
1772413200,600.5,603.75,574.75,577.25,,114287
1772499600,576,585.75,569,574,,120592
1772586000,574,577,564.5,568.25,,98757
1772672400,568.25,586,568,583.75,,177088
1772758800,585.25,618.5,583.75,616.75,,168125
1773014400,625,641.75,601.25,603.25,,159696
1773100800,600,604.5,583.75,591,,167900
1773187200,592.5,604.25,589.25,594.75,,122215
1773273600,599.5,613,596,598.5,,94320
1773360000,599,614.25,594.25,613.75,,79617
1773619200,609.25,613.75,594.5,597.25,,82793
1773705600,597.25,607.25,586.75,589.75,,82221
1773792000,590,607.75,586,604.25,,76805
1773878400,608.25,616,600.5,608,,80189
1773964800,608,609.25,594.75,595.25,,61835
1774224000,596.5,606.5,577.75,587.75,,94194
1774310400,591,596,582.5,590,,65983
1774396800,589,599.5,579.25,597.75,,61165
1774483200,599.5,607.75,593,605,,52711
1774569600,605,613.25,599.25,605,,49967
1774828800,607.75,612,597.75,607,,57238
1774915200,609.75,625,605.25,616.25,,95614
1775001600,618,622.75,593.25,597.5,,96509
1775088000,597.5,609.25,594,598.25,,68863
1775433600,599,600.5,588.5,595.25,,36269
1775520000,595.75,600.5,588,598,,55708
1775606400,589,589,577,580.25,,95238
1775692800,580,588.75,570,574.5,,94695
1775779200,572.75,577.75,567.5,571,,76971
1776038400,580,589.5,576.25,582.25,,98652
1776124800,581.5,594.25,578.5,592,,86279
1776211200,592,597,585.25,593.75,,73073
1776297600,593,610,590.75,598.5,,67243
1776384000,605,610,590.5,599.25,,81436
1776643200,604.25,611.75,598.5,606,,74225
1776729600,607,614.5,601.5,612.75,,65631
1776816000,614,620.5,606.5,607,,47793
1776902400,608,622.25,607.25,620.25,,80129
1776988800,622,625.25,611,616.75,,71658
1777248000,618,631.5,617,629.75,,82435
1777334400,629,659.5,627,657.75,,137214
1777420800,657,671.5,652.25,653,,140290
1777507200,652.25,657.75,634.75,636.75,,121065
1777593600,637.75,644.75,632.75,637.75,,75226
1777852800,637,643.25,631.75,641,,78121
1777939200,641.25,650.25,624,627.75,,90674
1778025600,627.25,628.25,606.75,617.25,,100945
1778112000,617.5,618.75,605.25,612.25,,84987
1778198400,613.25,620.75,608.5,619,,56655
1778457600,622,636,620,634,,68677
1778544000,639.25,679,636.75,679,,164594
1778630400,679.5,683.25,667,675.5,,130493
1778716800,673,688.25,650.25,658,,116857
1778803200,658.25,663.5,631.5,635.75,,90348
1779062400,647.5,666,646,664.5,,99932
1779148800,666,679.5,661,667.25,,77266
1779235200,668.25,672.75,655.5,660.5,,70818
1779321600,660.75,660.75,648,655,,12412